SEASON,TEAM,GP,PTS,PPG,SNP%,OPP,ATT,YDS,Y/A,LNG,TD,FUM,TGT,REC,CTCH%,YDS,Y/C,LNG,TD
2015,DET,16,117,7.3,33%,181,143,597,4.2,36,2,6,38,25,66%,183,7.3,36,1
2016,DET,2,26.8,13.4,5%,23,18,101,5.6,24,0,0,5,5,100%,57,11.4,18,1
2017,DET,14,124.4,8.9,36%,200,165,552,3.3,34,4,2,35,25,71%,162,6.5,22,1
2018,MIN,10,3.9,0.4,2%,5,1,1,1,1,0,1,4,3,75%,28,9.3,12,0
2019,MIN,16,39.3,2.5,13%,44,23,115,5,15,0,1,21,15,71%,88,5.9,16,1
2020,MIN,16,30,1.9,7%,17,8,42,5.2,13,0,0,9,8,89%,58,7.2,22,2
2021,CAR,17,89.5,5.3,27%,104,51,166,3.3,15,0,0,53,38,72%,289,7.6,23,1
2022,LV,17,54.1,3.2,16%,36,4,20,5,7,0,2,32,25,78%,211,8.4,23,1
2020,MIA,6,69,11.5,26%,89,75,319,4.3,31,3,0,14,11,79%,61,5.5,13,0
2021,MIA,12,38.6,3.2,15%,73,54,149,2.8,16,0,0,19,12,63%,117,9.8,18,0
2022,MIA,12,14.2,1.2,3%,13,12,64,5.3,11,1,0,1,1,100%,8,8,8,0
2020,LAR,13,101.8,7.8,27%,159,145,625,4.3,61,2,1,14,11,79%,123,11.2,38,1
2021,LAR,1,4.3,4.3,7%,8,5,3,0.6,2,0,0,3,3,100%,10,3.3,6,0
2022,LAR,15,141.3,9.4,42%,206,188,786,4.2,42,7,2,18,13,72%,117,9,18,0
2022,ATL,16,159.4,10,47%,227,210,1035,4.9,44,3,0,17,16,94%,139,8.7,26,1
2017,CAR,9,0,0,5%,0,0,0,0,0,0,0,0,0,0%,0,0,0,0
2018,CAR,16,15,0.9,11%,10,9,15,1.7,4,2,0,1,1,100%,5,5,5,0
2019,CAR,16,9.7,0.6,12%,8,6,11,1.8,4,1,0,2,2,100%,6,3,4,0
2020,CAR,16,7.7,0.5,14%,15,6,9,1.5,3,0,0,9,5,56%,18,3.6,14,0
2021,WAS,11,9.2,0.8,9%,6,5,21,4.2,9,0,0,1,1,100%,1,1,1,1
2022,WAS,3,0,0,2%,0,0,0,0,0,0,0,0,0,0%,0,0,0,0
2022,DEN,1,9.4,9.4,7%,2,1,0,0,0,0,0,1,1,100%,24,24,24,1
2020,MIN,1,0,0,11%,0,0,0,0,0,0,0,0,0,0%,0,0,0,0
2021,MIN,1,0,0,0%,0,0,0,0,0,0,0,0,0,0%,0,0,0,0
2018,NYG,16,385.8,24.1,83%,382,261,1307,5,78,11,0,121,91,75%,721,7.9,57,4
2019,NYG,13,244.1,18.8,68%,290,217,1003,4.6,68,6,1,73,52,71%,438,8.4,65,2
2020,NYG,2,15.4,7.7,50%,28,19,34,1.8,18,0,0,9,6,67%,60,10,38,0
2021,NYG,13,148.6,11.4,47%,219,162,593,3.7,41,2,2,57,41,72%,263,6.4,54,2
2022,NYG,16,284,17.8,75%,371,295,1312,4.4,68,10,1,76,57,75%,338,5.9,41,0
2020,ARI,0,-,0,-,-,-,-,-,-,-,-,-,-,-,-,-,-,-
2021,ARI,9,28,3.1,8%,41,34,118,3.5,21,1,0,7,6,86%,42,7,12,0
2022,NO,15,89.6,6,28%,111,77,313,4.1,45,2,1,34,25,74%,193,7.7,22,0
2022,CAR,13,43,3.3,9%,35,23,77,3.3,16,3,1,12,10,83%,93,9.3,27,0
2012,NE,10,42.5,4.3,10%,58,56,274,4.9,27,2,0,2,2,100%,11,5.5,11,0
2013,NE,12,81.3,6.8,22%,84,55,271,4.9,46,3,0,29,21,72%,152,7.2,18,0
2014,NE,16,17.7,1.1,6%,34,28,89,3.2,17,1,0,6,2,33%,8,4,4,0
2015,NE,15,69.7,4.6,17%,93,63,207,3.3,14,0,0,30,19,63%,180,9.5,63,2
2016,NE,14,3.9,0.3,1%,5,1,4,4,4,0,0,4,2,50%,15,7.5,13,0
2017,NE,16,8.4,0.5,4%,17,13,67,5.2,20,0,0,4,1,25%,7,7,7,0
2018,MIA,16,29.4,1.8,3%,11,8,91,11.4,54,2,1,3,3,100%,13,4.3,9,1
2019,NE,15,50.9,3.4,8%,26,15,68,4.5,21,3,0,11,9,82%,111,12.3,29,1
2020,NE,0,-,0,-,-,-,-,-,-,-,-,-,-,-,-,-,-,-
2021,NE,17,124.1,7.3,31%,93,44,226,5.1,24,1,1,49,41,84%,405,9.9,28,2
2022,LV,16,27.3,1.7,7%,26,17,66,3.9,12,0,0,9,9,100%,57,6.3,18,1
2018,MIN,8,6.8,0.8,4%,14,11,47,4.3,20,0,0,3,2,67%,1,0.5,1,0
2019,MIN,16,50,3.1,8%,53,49,273,5.6,59,3,0,4,3,75%,17,5.7,7,0
2020,MIN,16,14.9,0.9,3%,13,11,59,5.4,19,1,0,2,2,100%,10,5,6,0
2021,DEN,8,7.7,1,3%,6,4,35,8.8,16,0,0,2,2,100%,22,11,19,0
2022,DEN,9,28.8,3.2,21%,39,24,102,4.2,18,0,0,15,9,60%,96,10.7,34,0
2017,SF,16,103.5,6.5,28%,141,105,465,4.4,33,2,1,36,21,58%,180,8.6,32,1
2018,SF,14,162.5,11.6,35%,184,153,814,5.3,66,3,1,31,27,87%,261,9.7,26,2
2019,SF,13,103.3,7.9,24%,145,123,623,5.1,83,1,2,22,19,86%,120,6.3,17,1
2020,MIA,12,42,3.5,14%,69,59,254,4.3,24,0,2,10,9,90%,96,10.7,31,0
2021,BUF,9,42.7,4.7,7%,35,26,125,4.8,28,1,1,9,7,78%,72,10.3,23,2
2022,NYG,17,59.8,3.5,23%,79,54,220,4.1,18,1,0,25,20,80%,118,5.9,16,0
2021,NYG,13,2,0.2,1%,2,1,4,4,4,0,0,1,1,100%,6,6,6,0
2022,NYG,17,29,1.7,8%,39,31,141,4.5,25,1,1,8,5,63%,39,7.8,12,0
2022,LV,6,0,0,0%,0,0,0,NaN,0,0,0,0,0,0%,0,NaN,0,0
2021,CAR,1,0,0,0%,0,0,0,0,0,0,0,0,0,0%,0,0,0,0
2022,CAR,2,7.3,3.6,24%,13,9,43,4.8,7,0,0,4,2,50%,10,5,9,0
2021,NYJ,14,154.4,11,49%,202,147,639,4.3,55,4,1,55,36,65%,325,9,23,0
2022,NYJ,16,126,7.9,45%,168,114,402,3.5,25,3,2,54,41,76%,288,7,37,0
2022,MIN,3,2,0.7,3%,6,6,20,3.3,10,0,0,0,0,0%,0,NaN,0,0
2022,TEN,6,8.3,1.4,5%,12,9,12,1.3,5,0,0,3,3,100%,41,13.7,33,0
2018,CLE,16,194.5,12.2,36%,221,192,996,5.2,92,8,0,29,20,69%,149,7.4,24,2
2019,CLE,16,255.2,15.9,68%,347,298,1494,5,88,8,3,49,36,73%,278,7.7,32,0
2020,CLE,12,207.7,17.3,49%,208,190,1067,5.6,59,12,1,18,16,89%,150,9.4,26,0
2021,CLE,14,215.3,15.4,44%,253,228,1259,5.5,70,8,2,25,20,80%,174,8.7,40,1
2022,CLE,17,281.4,16.6,56%,339,302,1525,5,41,12,1,37,27,73%,239,8.9,26,1
2017,PHI,16,92.4,5.8,23%,89,74,321,4.3,28,4,0,15,10,67%,123,12.3,28,2
2018,PHI,11,81.1,7.4,30%,93,68,259,3.8,32,2,4,25,22,88%,192,8.7,23,0
2019,PHI,4,-4,0,1%,0,0,0,0,0,0,2,0,0,0%,0,0,0,0
2020,PHI,15,21,1.4,10%,27,21,75,3.6,7,1,0,6,5,83%,25,5,12,0
2021,DAL,17,28.9,1.7,6%,40,33,140,4.2,38,0,0,7,6,86%,29,4.8,8,1
2022,ARI,9,21.9,2.4,12%,22,15,55,3.7,12,1,0,7,5,71%,54,10.8,21,0
2017,PIT,14,14.4,1,7%,33,32,144,4.5,23,0,0,1,0,0%,0,0,0,0
2018,PIT,13,280,21.5,65%,286,215,973,4.5,30,12,4,71,55,77%,497,9,29,1
2019,PIT,10,145.5,14.6,33%,154,116,464,4,25,4,1,38,34,89%,251,7.4,26,3
2020,PIT,13,164.6,12.7,51%,212,169,721,4.3,59,6,2,43,35,81%,215,6.1,18,0
2021,ARI,15,257.7,17.2,51%,241,202,752,3.7,35,15,2,39,37,95%,375,10.1,45,3
2022,ARI,13,200.2,15.4,55%,241,183,782,4.3,23,7,3,58,46,79%,300,6.5,22,1
2022,JAX,8,10.2,1.3,3%,12,12,42,3.5,8,1,0,0,0,0%,0,NaN,0,0
2022,BUF,16,105.7,6.6,25%,121,89,507,5.7,33,2,1,32,21,66%,180,8.6,41,1
2021,DEN,12,0.7,0.1,1%,3,3,7,2.3,6,0,0,0,0,0%,0,NaN,0,0
2020,SEA,12,56.9,4.7,14%,54,34,108,3.2,13,2,0,20,17,85%,111,6.5,13,1
2021,SEA,17,60.1,3.5,16%,56,33,138,4.2,15,2,1,23,21,91%,133,6.3,29,0
2022,SEA,15,46.2,3.1,18%,54,35,186,5.3,27,0,1,19,17,89%,126,7.4,41,0
2022,DAL,12,34.4,2.9,9%,45,38,161,4.2,23,1,0,7,6,86%,63,10.5,18,0
2022,SF,6,9.9,1.7,6%,36,34,99,2.9,20,0,0,2,0,0%,0,NaN,0,0
2020,GB,11,40.3,3.7,10%,48,46,242,5.3,30,2,0,2,2,100%,21,10.5,16,0
2021,GB,17,185.6,10.9,43%,224,187,803,4.3,36,5,2,37,34,92%,313,9.2,50,2
2022,GB,17,167.6,9.9,49%,229,186,770,4.1,27,7,1,43,28,65%,206,7.4,17,0
2021,MIA,0,-,0,-,-,-,-,-,-,-,-,-,-,-,-,-,-,-
2020,BAL,15,168.5,11.2,44%,158,134,805,6,72,9,2,24,18,75%,120,6.7,19,0
2022,BAL,8,81.2,10.2,30%,100,92,520,5.7,44,2,0,8,7,88%,42,6,20,1
2020,DAL,15,2.4,0.2,1%,7,7,24,3.4,7,0,0,0,0,0%,0,0,0,0
2022,DAL,5,0,0,2%,0,0,0,0,0,0,0,0,0,0%,0,0,0,0
2016,MIA,16,43.5,2.7,11%,43,33,179,5.4,45,2,1,10,9,90%,46,5.1,9,0
2017,MIA,16,142.3,8.9,46%,181,133,644,4.8,66,3,2,48,32,67%,239,7.5,47,1
2018,MIA,16,206.2,12.9,59%,193,120,535,4.5,54,4,2,73,53,73%,477,9,52,5
2019,ARI,14,214.2,15.3,69%,238,170,817,4.8,80,8,2,68,50,74%,345,6.9,26,0
2020,ARI,15,192.2,12.8,54%,270,239,955,4,69,10,3,31,25,81%,137,5.5,18,0
2021,LV,12,102.5,8.5,35%,103,63,254,4,21,2,1,40,30,75%,291,9.7,31,1
2022,BAL,12,104.1,8.7,33%,135,109,482,4.4,40,4,1,26,17,65%,89,5.2,15,1
2022,CHI,17,6.2,0.4,8%,32,24,54,2.3,11,0,2,8,2,25%,8,4,6,0
2018,ARI,16,63.1,3.9,21%,83,60,208,3.5,29,2,1,23,20,87%,103,5.2,13,0
2019,ARI,13,82.8,6.4,20%,81,60,303,5,37,4,0,21,12,57%,105,8.8,31,1
2020,ARI,16,168,10.5,47%,164,97,448,4.6,32,1,2,67,53,79%,402,7.6,30,4
2021,ARI,12,143.3,11.9,53%,169,116,592,5.1,54,2,1,53,43,81%,311,7.2,36,0
2022,DEN,13,74.2,5.7,35%,92,68,245,3.6,28,2,0,24,16,67%,157,9.8,27,1
2018,BAL,11,89.8,8.2,36%,139,137,718,5.2,43,2,0,2,2,100%,20,10,13,0
2019,BAL,16,92.6,5.8,36%,141,133,711,5.3,63,2,2,8,7,88%,45,6.4,10,0
2020,BAL,16,128.2,8,34%,157,144,723,5,36,6,1,13,9,69%,129,14.3,34,0
2022,BAL,9,59.3,6.6,22%,89,87,433,5,37,3,1,2,0,0%,0,0,0,0
2020,KC,13,176,13.5,49%,235,181,803,4.4,31,4,0,54,36,67%,297,8.2,26,1
2021,KC,10,117.6,11.8,42%,142,119,517,4.3,17,4,2,23,19,83%,129,6.8,29,2
2022,KC,10,98.3,9.8,32%,94,71,302,4.3,52,3,0,23,17,74%,151,8.9,25,3
2017,LAC,16,106.9,6.7,19%,82,47,260,5.5,35,2,2,35,27,77%,279,10.3,38,3
2018,LAC,14,168.8,12.1,35%,159,106,554,5.2,41,3,1,53,39,74%,404,10.4,44,3
2019,LAC,16,309,19.3,57%,240,132,557,4.2,35,3,3,108,92,85%,993,10.8,84,8
2020,LAC,10,165.3,16.5,58%,181,116,530,4.6,27,1,1,65,54,83%,403,7.5,28,2
2021,LAC,16,343.8,21.5,61%,300,206,911,4.4,28,12,4,94,70,74%,647,9.2,40,8
2022,LAC,17,372.7,21.9,62%,331,204,915,4.5,72,13,5,127,107,84%,722,6.7,23,5
2022,JAX,17,205.1,12.1,60%,265,220,1125,5.1,62,5,5,45,35,78%,316,9,30,0
2021,CIN,14,49.8,3.6,9%,34,17,77,4.5,13,0,0,17,15,88%,151,10.1,24,2
2022,CIN,12,12.8,1.1,2%,4,0,0,0,0,0,0,4,3,75%,38,12.7,26,1
2020,TEN,5,16.1,3.2,6%,18,14,54,3.9,9,0,0,4,2,50%,27,13.5,24,1
2021,TEN,1,3.8,3.8,9%,4,2,7,3.5,5,0,0,2,2,100%,11,5.5,6,0
2022,CHI,6,10.7,1.8,11%,15,14,64,4.6,21,0,0,1,1,100%,33,33,33,0
2021,CLE,16,50.5,3.2,12%,28,7,24,3.4,12,0,4,21,18,86%,181,10.1,33,2
2022,CLE,8,2.4,0.3,6%,5,1,-4,-4,0,0,1,4,2,50%,8,4,5,0
2022,CLE,13,1.2,0.1,2%,8,8,12,1.5,9,0,0,0,0,0%,0,NaN,0,0
2017,HOU,10,57,5.7,19%,86,78,327,4.2,39,2,2,8,6,75%,83,13.8,34,0
2018,HOU,1,10.7,10.7,16%,9,7,-1,-0.1,2,0,1,2,2,100%,28,14,20,1
2020,TEN,6,17,2.8,5%,23,22,95,4.3,15,0,0,1,1,100%,5,5,5,1
2021,TEN,9,93.9,10.4,38%,144,133,566,4.3,35,3,2,11,9,82%,123,13.7,39,0
2022,CAR,17,131,7.7,35%,212,203,914,4.5,60,5,1,9,5,56%,26,5.2,23,0
2018,DEN,14,101.3,7.2,29%,150,130,521,4,24,5,1,20,14,70%,72,5.1,9,0
2019,DEN,16,142.2,8.9,50%,182,132,496,3.8,26,3,0,50,43,86%,256,6,19,1
2020,DEN,16,37.1,2.3,18%,48,35,170,4.9,23,0,0,13,12,92%,81,6.8,28,0
2021,HOU,15,34.6,2.3,19%,72,56,169,3,13,0,0,16,10,63%,77,7.7,12,0
2022,HOU,4,19,4.8,40%,49,41,117,2.9,11,0,1,8,6,75%,33,5.5,9,0
2021,LAR,10,0.5,0.1,3%,2,2,5,2.5,6,0,0,0,0,0%,0,0,0,0
2022,IND,6,0,0,0%,0,0,0,0,0,0,0,0,0,0%,0,0,0,0
2021,PHI,16,123.4,7.7,27%,118,68,291,4.3,18,5,2,50,33,66%,253,7.7,19,1
2022,PHI,17,87.9,5.2,28%,82,53,240,4.5,13,4,0,29,23,79%,169,7.3,20,0
2019,MIA,7,31.4,4.5,12%,48,36,133,3.7,27,1,0,12,7,58%,51,7.3,20,0
2020,MIA,10,164.2,16.4,56%,189,142,584,4.1,26,3,2,47,41,87%,388,9.5,59,2
2021,MIA,17,173.6,10.2,50%,236,173,612,3.5,30,3,2,63,49,78%,234,4.8,24,4
2022,MIA,4,9.4,2.4,4%,16,10,26,2.6,10,0,0,6,4,67%,28,7,16,0
2020,WAS,14,202.2,14.4,37%,214,170,795,4.7,40,11,2,44,36,82%,247,6.9,40,0
2021,WAS,16,229.1,14.3,54%,310,258,1037,4,27,7,6,52,42,81%,294,7,73,3
2022,WAS,15,165.9,11.1,44%,207,149,546,3.7,20,3,2,58,46,79%,353,7.7,26,2
2022,GB,0,-,0,-,-,-,-,-,-,-,-,-,-,-,-,-,-,-
2015,LAC,14,108.3,7.7,39%,221,184,641,3.5,27,0,6,37,33,89%,192,5.8,18,0
2016,LAC,13,250.6,19.3,62%,311,254,997,3.9,48,10,2,57,41,72%,419,10.2,35,2
2017,LAC,16,288.1,18,70%,367,284,1105,3.9,87,8,1,83,58,70%,476,8.2,49,4
2018,LAC,12,275.5,23,55%,241,175,885,5.1,34,10,1,66,50,76%,490,9.8,66,4
2019,LAC,12,180.8,15.1,50%,217,162,612,3.8,24,8,4,55,42,76%,296,7,25,1
2020,DEN,15,198.4,13.2,58%,259,215,986,4.6,65,9,4,44,32,73%,158,4.9,20,1
2021,DEN,16,195.1,12.2,48%,241,203,918,4.5,70,8,3,38,28,74%,213,7.6,30,2
2022,DEN,10,87.1,8.7,42%,122,90,318,3.5,17,2,5,32,25,78%,223,8.9,24,0
2021,KC,11,56.1,5.1,14%,60,51,256,5,51,2,0,9,8,89%,105,13.1,50,0
2022,NYJ,7,115.1,16.4,49%,111,80,463,5.8,62,4,1,31,19,61%,218,11.5,79,1
2019,NE,3,1.2,0.4,1%,4,4,12,3,13,0,0,0,0,0%,0,0,0,0
2020,NE,10,91.3,9.1,34%,144,137,691,5,41,2,1,7,5,71%,52,10.4,15,0
2021,NE,15,210.1,14,37%,223,202,929,4.6,64,15,2,21,18,86%,132,7.3,21,0
2022,NE,13,90.9,7,23%,129,106,462,4.4,30,3,0,23,17,74%,97,5.7,15,0
2022,NE,5,11.2,2.2,7%,18,18,52,2.9,14,1,0,0,0,0%,0,NaN,0,0
2021,PIT,17,300.7,17.7,84%,401,307,1200,3.9,37,7,0,94,74,79%,467,6.3,25,3
2022,PIT,17,223.5,13.1,66%,325,272,1034,3.8,36,7,3,53,41,77%,229,5.6,19,3
2022,TEN,15,26,1.7,15%,37,25,93,3.7,12,0,0,12,11,92%,57,5.2,10,0
2020,SF,8,31.1,3.9,18%,47,39,148,3.8,20,1,1,8,7,88%,33,4.7,16,0
2021,SF,11,49.5,4.5,17%,45,16,68,4.2,21,1,2,29,23,79%,157,6.8,23,0
2022,JAX,17,70,4.1,20%,72,46,194,4.2,61,2,0,26,20,77%,126,6.3,28,1
2016,TEN,15,105.7,7,25%,125,110,490,4.5,22,5,0,15,13,87%,137,10.5,29,0
2017,TEN,16,135,8.4,40%,193,176,744,4.2,75,5,1,17,11,65%,136,12.4,66,1
2018,TEN,16,201.4,12.6,41%,233,215,1059,4.9,99,12,1,18,15,83%,99,6.6,21,0
2019,TEN,15,294.6,19.6,59%,327,303,1540,5.1,74,16,5,24,18,75%,206,11.4,75,2
2020,TEN,16,333.1,20.8,66%,409,378,2027,5.4,94,17,3,31,19,61%,114,6,53,0
2021,TEN,8,193.3,24.2,71%,239,219,937,4.3,76,10,1,20,18,90%,154,8.6,16,0
2022,TEN,16,302.8,18.9,63%,390,349,1538,4.4,56,13,6,41,33,80%,398,12.1,69,0
2021,CHI,17,78.9,4.6,28%,119,103,433,4.2,29,2,1,16,14,88%,96,6.9,20,0
2022,CHI,13,117.8,9.1,38%,141,129,731,5.7,64,4,0,12,9,75%,57,6.3,25,1
2019,BAL,16,49.5,3.1,17%,73,58,225,3.9,18,2,0,15,8,53%,70,8.8,14,0
2020,BAL,12,13,1.1,7%,17,12,60,5,19,0,0,5,5,100%,20,4,8,0
2022,BAL,15,42,2.8,24%,61,49,262,5.3,34,0,2,12,12,100%,58,4.8,15,0
2018,IND,16,160.9,10.1,44%,166,85,314,3.7,18,2,1,81,63,78%,425,6.7,28,2
2019,IND,16,105.9,6.6,31%,110,52,199,3.8,18,2,1,58,44,76%,320,7.3,21,0
2020,IND,16,193.2,12.1,36%,165,89,380,4.3,31,3,0,76,63,83%,482,7.7,29,4
2021,IND,17,112.6,6.6,32%,113,56,276,4.9,34,2,3,57,40,70%,310,7.8,36,1
2022,BUF,16,69.4,4.3,18%,61,24,33,1.4,9,1,2,37,30,81%,241,8,22,1
2019,SEA,16,28,1.8,7%,31,18,114,6.3,29,0,0,13,11,85%,56,5.1,11,0
2020,SEA,9,32.8,3.6,16%,35,25,88,3.5,12,0,0,10,9,90%,90,10,50,1
2021,SEA,14,55.8,4,18%,41,21,177,8.4,73,1,0,20,16,80%,161,10.1,31,0
2022,SEA,10,43.1,4.3,22%,37,19,74,3.9,16,0,1,18,16,89%,157,9.8,27,1
2021,CAR,17,137.6,8.1,40%,209,172,612,3.6,26,5,1,37,25,68%,174,7,33,1
2022,CAR,15,87.7,5.8,27%,112,95,466,4.9,35,2,4,17,14,82%,171,12.2,45,0
2022,ARI,12,18.1,1.5,9%,32,27,60,2.2,13,1,0,5,4,80%,21,5.3,24,0
2021,IND,8,9.1,1.1,3%,13,13,31,2.4,10,1,0,0,0,0%,0,0,0,0
2022,IND,16,84.5,5.3,22%,102,68,236,3.5,17,1,1,34,30,88%,209,7,27,1
2021,DET,7,25.7,3.7,3%,20,15,74,4.9,28,2,0,5,4,80%,23,5.8,11,0
2022,DET,0,-,0,-,-,-,-,-,-,-,-,-,-,-,-,-,-,-
2019,CLE,16,15.2,0.9,4%,11,4,21,5.2,13,0,0,7,6,86%,71,11.8,27,0
2020,CLE,16,21,1.3,8%,37,33,166,5,28,0,1,4,3,75%,14,4.7,5,0
2021,CLE,17,104.1,6.1,30%,125,100,534,5.3,30,3,1,25,19,76%,137,7.2,18,0
2022,CLE,15,5.4,0.4,3%,7,4,17,4.2,7,0,0,3,3,100%,7,2.3,7,0
2017,GB,12,80,6.7,23%,99,81,448,5.5,46,4,0,18,9,50%,22,2.4,9,0
2018,GB,12,171.4,14.3,48%,168,133,728,5.5,67,8,1,35,26,74%,206,7.9,24,1
2019,GB,16,314.8,19.7,61%,304,236,1084,4.6,56,16,3,68,49,72%,474,9.7,67,3
2020,GB,14,258.9,18.5,52%,264,201,1104,5.5,77,9,2,63,47,75%,355,7.6,30,2
2021,GB,15,229,15.3,52%,236,171,799,4.7,57,4,2,65,52,80%,391,7.5,26,6
2022,GB,17,248.6,14.6,58%,285,213,1121,5.3,36,2,5,72,59,82%,395,6.7,30,5
2018,TB,9,20.7,2.3,10%,32,23,44,1.9,9,1,0,9,7,78%,33,4.7,15,0
2019,TB,16,166.3,10.4,36%,212,172,724,4.2,49,6,3,40,31,78%,309,10,41,0
2020,TB,14,186.3,13.3,42%,234,192,978,5.1,98,7,2,42,28,67%,165,5.9,37,1
2021,TB,16,79.2,5,19%,114,101,428,4.2,30,4,2,13,10,77%,64,6.4,15,0
2022,KC,6,16.2,2.7,3%,18,17,70,4.1,13,1,0,1,1,100%,22,22,22,0
2020,NO,1,1.3,1.3,8%,3,3,13,4.3,6,0,0,0,0,0%,0,0,0,0
2021,NO,11,22.1,2,18%,62,54,142,2.6,11,0,0,8,5,63%,29,5.8,19,0
2022,SEA,6,10.4,1.7,8%,18,10,24,2.4,7,0,0,8,5,63%,30,6,9,0
2017,NO,16,314.4,19.6,45%,220,120,728,6.1,74,8,1,100,81,81%,826,10.2,40,5
2018,NO,15,354.2,23.6,62%,299,194,883,4.6,49,14,1,105,81,77%,709,8.8,42,4
2019,NO,14,248.5,17.8,59%,268,171,797,4.7,40,5,4,97,81,84%,533,6.6,41,1
2020,NO,15,377.8,25.2,61%,294,187,932,5,49,16,1,107,83,78%,756,9.1,52,5
2021,NO,13,234.7,18.1,58%,307,240,898,3.7,30,4,0,67,47,70%,439,9.3,31,5
2022,NO,15,211.7,14.1,61%,300,223,897,4,27,2,4,77,57,74%,490,8.6,54,2
2020,LAC,14,81.2,5.8,25%,134,111,354,3.2,33,2,2,23,23,100%,148,6.4,35,0
2021,LAC,10,17,1.7,12%,39,33,102,3.1,14,0,1,6,5,83%,38,7.6,17,0
2022,LAC,13,64.8,5,28%,94,69,287,4.2,22,2,0,25,14,56%,101,7.2,22,0
2018,LAR,4,12.1,3,7%,30,27,74,2.7,7,0,0,3,2,67%,27,13.5,18,0
2019,LAR,4,0.9,0.2,1%,3,3,9,3,6,0,0,0,0,0%,0,0,0,0
2021,CLE,4,1.3,0.3,1%,2,2,13,6.5,11,0,0,0,0,0%,0,0,0,0
2022,CLE,1,0,0,0%,0,0,0,0,0,0,0,0,0,0%,0,0,0,0
2022,NYJ,7,59,8.4,31%,99,85,300,3.5,48,1,2,14,13,93%,100,7.7,16,0
2019,MIA,15,68.2,4.5,27%,92,62,168,2.7,18,1,0,30,23,77%,204,8.9,21,0
2020,MIA,16,22,1.4,13%,25,13,72,5.5,17,0,1,12,10,83%,68,6.8,17,0
2021,MIA,6,5.1,0.8,14%,4,1,4,4,4,0,0,3,3,100%,17,5.7,10,0
2017,IND,14,103.3,7.4,30%,126,93,358,3.8,35,3,1,33,21,64%,225,10.7,34,1
2018,IND,12,178.1,14.8,54%,221,195,908,4.7,49,9,2,26,17,65%,103,6.1,29,1
2019,IND,14,181.3,13,47%,264,247,1091,4.4,63,8,0,17,14,82%,82,5.9,14,0
2020,IND,1,8.6,8.6,15%,7,4,26,6.5,18,0,0,3,3,100%,30,10,19,0
2021,IND,6,12.9,2.1,5%,33,28,101,3.6,22,0,0,5,2,40%,8,4,7,0
2022,DEN,8,38.3,4.8,8%,26,16,84,5.2,17,1,0,10,8,80%,99,12.4,66,1
2022,SF,16,31.8,2,7%,43,43,258,6,55,1,0,0,0,0%,0,NaN,0,0
2019,MIN,13,68.4,5.3,19%,112,100,462,4.6,35,1,1,12,10,83%,82,8.2,17,0
2020,MIN,13,86.9,6.7,21%,111,96,434,4.5,25,2,0,15,13,87%,125,9.6,28,1
2021,MIN,16,125.9,7.9,33%,173,134,491,3.7,48,3,1,39,32,82%,228,7.1,24,1
2022,MIN,17,88.4,5.2,25%,92,74,283,3.8,15,5,0,18,15,83%,91,6.1,16,1
2017,CAR,16,228.6,14.3,70%,230,117,435,3.7,40,2,2,113,80,71%,651,8.1,37,5
2018,CAR,16,385.5,24.1,91%,343,219,1098,5,59,7,4,124,107,86%,867,8.1,38,6
2019,CAR,16,471.2,29.4,93%,428,287,1387,4.8,84,15,1,141,116,82%,1005,8.7,28,4
2020,CAR,3,90.4,30.1,25%,78,59,225,3.8,15,5,0,19,17,89%,149,8.8,24,1
2021,CAR,7,127.5,18.2,41%,140,99,442,4.5,18,1,1,41,37,90%,343,9.3,32,1
2022,SF,17,356.4,21,73%,352,244,1139,4.7,49,8,1,108,85,79%,741,8.7,49,5
2021,BAL,1,-0.1,0,1%,1,1,-1,-1,0,0,0,0,0,0%,0,NaN,0,0
2020,PIT,11,22.7,2.1,8%,43,33,113,3.4,20,0,0,10,6,60%,54,9,17,0
2021,PIT,2,2.4,1.2,2%,4,3,3,1,3,0,0,1,1,100%,11,11,11,0
2022,PIT,1,6.1,6.1,30%,8,6,30,5,14,0,0,2,2,100%,11,5.5,12,0
2014,MIN,11,94.3,8.6,43%,154,113,538,4.8,55,0,0,41,27,66%,135,5,17,0
2015,MIN,16,83.4,5.2,16%,81,52,271,5.2,68,2,0,29,21,72%,173,8.2,30,1
2016,MIN,15,148.4,9.9,49%,212,159,539,3.4,36,2,0,53,43,81%,255,5.9,41,2
2017,MIN,16,178.1,11.1,47%,218,150,570,3.8,58,3,3,68,51,75%,421,8.3,41,2
2020,SF,16,126.2,7.9,34%,127,81,319,3.9,55,5,0,46,33,72%,253,7.7,26,1
2021,KC,13,35.9,2.8,18%,32,12,62,5.2,18,0,0,20,13,65%,107,8.2,14,1
2022,KC,17,196.3,11.5,47%,143,72,291,4,30,1,1,71,56,79%,512,9.1,56,9
2021,SF,11,165,15,40%,227,207,963,4.7,39,5,0,20,19,95%,137,7.2,14,1
2022,SF,5,43.6,8.7,24%,49,45,279,6.2,37,2,0,4,3,75%,7,2.3,5,0
2017,CIN,14,141.3,10.1,40%,212,178,626,3.5,25,4,3,34,30,88%,287,9.6,67,0
2018,CIN,14,243.4,17.4,64%,292,237,1168,4.9,51,8,0,55,43,78%,296,6.9,21,1
2019,CIN,16,225.4,14.1,59%,323,278,1137,4.1,41,5,0,45,35,78%,287,8.2,33,3
2020,CIN,6,99.6,16.6,44%,145,119,428,3.6,34,3,1,26,21,81%,138,6.6,19,1
2021,CIN,16,287.9,18,63%,340,292,1205,4.1,32,13,2,48,42,88%,314,7.5,52,3
2022,CIN,14,239.5,17.1,56%,285,210,814,3.9,40,7,0,75,60,80%,441,7.4,35,2
2019,CHI,16,170.4,10.7,57%,277,242,889,3.7,55,6,2,35,25,71%,185,7.4,30,1
2020,CHI,15,264.8,17.7,71%,315,247,1070,4.3,80,8,1,68,54,79%,438,8.1,28,2
2021,CHI,13,195,15,75%,276,225,849,3.8,41,7,1,51,42,82%,301,7.2,16,0
2022,CHI,16,177.7,11.1,61%,241,201,801,4,28,5,2,40,34,85%,316,9.3,32,1
2020,BUF,13,101.6,7.8,37%,130,112,481,4.3,31,4,0,18,14,78%,95,6.8,20,1
2021,BUF,13,105.2,8.1,32%,128,96,345,3.6,17,4,2,32,23,72%,197,8.6,24,1
2022,IND,13,64.5,5,23%,106,93,456,4.9,43,1,1,13,11,85%,39,3.5,8,0
2015,CLE,11,-2,0,0%,0,0,0,0,0,0,2,0,0,0%,0,0,0,0
2016,SF,3,0.6,0.2,1%,1,1,6,6,6,0,0,0,0,0%,0,0,0,0
2017,SF,11,1,0.1,2%,6,6,30,5,16,0,1,0,0,0%,0,0,0,0
2018,SF,9,38.6,4.3,15%,41,34,261,7.7,52,1,1,7,6,86%,25,4.2,23,0
2019,SF,16,165.2,10.3,34%,159,137,772,5.6,41,8,2,22,14,64%,180,12.9,39,2
2020,SF,8,99.7,12.5,33%,123,104,521,5,80,2,1,19,16,84%,156,9.8,76,1
2021,SF,1,2,2,3%,2,2,20,10,11,0,0,0,0,0%,0,0,0,0
2022,MIA,16,168.3,10.5,52%,223,181,891,4.9,67,3,2,42,31,74%,202,6.5,25,2
2014,LV,15,85.7,5.7,27%,105,82,424,5.2,90,2,1,23,17,74%,143,8.4,46,0
2015,LV,16,204.8,12.8,64%,319,266,1066,4,54,6,4,53,41,77%,232,5.7,23,0
2016,LV,14,208.2,14.9,47%,238,195,788,4,42,12,2,43,33,77%,264,8,39,0
2017,MIN,16,157.5,9.8,38%,233,216,842,3.9,46,8,1,17,15,88%,103,6.9,28,0
2018,MIN,16,131.9,8.2,44%,166,140,578,4.1,38,6,0,26,22,85%,141,6.4,16,0
2019,NO,16,157.2,9.8,41%,189,146,637,4.4,30,5,0,43,34,79%,235,6.9,30,1
2020,NO,15,136.2,9.1,34%,172,146,656,4.5,36,4,1,26,23,88%,176,7.7,25,1
2021,BAL,14,103.6,7.4,30%,132,119,501,4.2,46,6,0,13,10,77%,75,7.5,18,0
2022,DEN,13,154.2,11.9,48%,206,171,760,4.4,52,6,1,35,27,77%,132,4.9,15,0
2021,MIN,11,11,1,4%,18,13,61,4.7,19,0,0,5,4,80%,9,2.2,6,0
2022,MIN,17,5.5,0.3,2%,11,9,14,1.6,8,0,0,2,2,100%,21,10.5,16,0
2017,WAS,2,0,0,1%,0,0,0,0,0,0,0,0,0,0%,0,0,0,0
2018,TB,2,0,0,1%,0,0,0,0,0,0,0,0,0,0%,0,0,0,0
2019,TB,16,75.3,4.7,32%,58,11,17,1.5,12,2,2,47,35,74%,286,8.2,21,0
2020,JAX,14,29.9,2.1,18%,52,32,145,4.5,25,0,0,20,10,50%,54,5.4,12,0
2021,JAX,17,50.1,2.9,17%,64,43,137,3.2,12,1,0,21,13,62%,114,8.8,28,1
2022,HOU,17,48.7,2.9,17%,68,42,123,2.9,11,1,0,26,20,77%,104,5.2,23,0
2019,ATL,8,30.7,3.8,5%,24,22,50,2.3,6,4,1,2,1,50%,7,7,7,0
2020,ATL,3,0.3,0.1,2%,1,1,3,3,3,0,0,0,0,0%,0,0,0,0
2021,ATL,7,19.7,2.8,17%,27,21,105,5,19,1,1,6,4,67%,12,3,8,0
2022,DAL,3,0,0,1%,0,0,0,0,0,0,0,0,0,0%,0,0,0,0
2022,KC,17,135,7.9,31%,184,170,830,4.9,31,5,4,14,13,93%,130,10,32,0
2013,MIN,16,149.7,9.4,42%,89,12,158,13.2,50,3,0,77,45,58%,469,10.4,79,4
2014,MIN,16,93.1,5.8,55%,77,10,117,11.7,67,1,1,67,33,49%,384,11.6,28,1
2015,MIN,16,2.5,0.2,6%,4,2,15,7.5,9,0,1,2,2,100%,10,5,9,0
2016,MIN,16,113.6,7.1,50%,77,7,43,6.1,22,0,2,70,52,74%,453,8.7,39,2
2017,LV,16,86,5.4,43%,55,13,121,9.3,47,2,3,42,31,74%,309,10,59,0
2018,NE,15,90.5,6,21%,70,42,228,5.4,27,1,1,28,21,75%,247,11.8,55,3
2019,CHI,16,29.6,1.9,19%,34,17,103,6.1,46,0,0,17,11,65%,83,7.5,33,0
2020,CHI,16,63.4,4,19%,89,64,232,3.6,13,1,0,25,21,84%,132,6.3,25,0
2021,ATL,16,234.6,14.7,45%,222,153,618,4,39,6,2,69,52,75%,548,10.5,64,5
2022,ATL,13,148.7,11.4,47%,175,144,695,4.8,40,8,1,31,21,68%,122,5.8,16,0
2021,WAS,17,55.9,3.3,13%,80,68,266,3.9,13,2,1,12,10,83%,73,7.3,12,0
2022,WAS,3,7.8,2.6,15%,18,17,78,4.6,14,0,0,1,0,0%,0,0,0,0
2018,SEA,14,70.4,5,17%,97,85,419,4.9,38,2,0,12,9,75%,75,8.3,24,0
2019,SEA,10,75.3,7.5,18%,76,65,370,5.7,58,3,1,11,8,73%,83,10.4,30,1
2020,SEA,3,3.4,1.1,21%,11,11,34,3.1,7,0,0,0,0,0%,0,0,0,0
2021,SEA,10,121.7,12.2,31%,127,119,749,6.3,62,6,0,8,6,75%,48,8,27,0
2022,SEA,5,52.2,10.4,57%,62,57,346,6.1,41,2,1,5,4,80%,16,4,6,0
2020,NYJ,10,52.5,5.3,27%,79,64,232,3.6,20,2,0,15,11,73%,63,5.7,14,0
2021,NYJ,4,3.1,0.8,2%,8,8,31,3.9,14,0,0,0,0,0%,0,0,0,0
2017,WAS,16,108.5,6.8,35%,199,175,603,3.4,30,1,2,24,22,92%,182,8.3,25,1
2018,WAS,5,6.7,1.3,4%,12,8,32,4,11,0,0,4,3,75%,5,1.7,8,0
2019,MIA,7,1.6,0.2,2%,5,5,16,3.2,9,0,0,0,0,0%,0,0,0,0
2020,CIN,16,65.7,4.1,19%,75,63,301,4.8,46,3,0,12,11,92%,66,6,15,0
2021,CIN,16,83.2,5.2,25%,86,55,246,4.5,46,1,0,31,27,87%,196,7.3,23,1
2022,CIN,16,142.1,8.9,40%,146,95,394,4.1,29,2,0,51,38,75%,287,7.6,32,4
2022,HOU,13,166.4,12.8,64%,259,220,939,4.3,75,4,4,39,30,77%,165,5.5,16,1
2019,DAL,15,89.2,5.9,18%,106,86,455,5.3,44,2,1,20,15,75%,107,7.1,21,1
2020,DAL,16,120.7,7.5,32%,141,101,435,4.3,42,4,0,40,28,70%,192,6.9,30,1
2021,DAL,15,156.6,10.4,30%,176,130,719,5.5,58,2,2,46,39,85%,337,8.6,32,0
2022,DAL,16,248.8,15.6,49%,248,193,1007,5.2,57,9,0,55,39,71%,371,9.5,68,3
2019,WAS,2,0,0,0%,0,0,0,0,0,0,0,0,0,0%,0,0,0,0
2020,JAX,2,1.7,0.8,7%,2,1,4,4,4,0,0,1,1,100%,3,3,3,0
2021,DET,5,35.2,7,37%,63,55,230,4.2,35,0,0,8,7,88%,52,7.4,14,0
2022,DET,9,30.8,3.4,15%,33,23,102,4.4,21,0,0,10,9,90%,116,12.9,36,0
2022,LAR,8,10,1.3,4%,14,9,21,2.3,5,0,0,5,5,100%,29,5.8,14,0
2022,WAS,12,112.7,9.4,40%,217,205,797,3.9,24,2,2,12,9,75%,60,6.7,18,1
2020,JAX,14,250.4,17.9,62%,300,240,1070,4.5,47,7,3,60,49,82%,344,7,28,3
2021,JAX,14,173.9,12.4,55%,210,164,767,4.7,58,8,4,46,31,67%,222,7.2,26,0
2022,NYJ,11,88.6,8.1,24%,124,110,425,3.9,50,3,1,14,11,79%,51,4.6,10,2
2021,LAC,12,15.6,1.3,9%,38,36,87,2.4,13,1,0,2,1,50%,-1,-1,0,0
2022,LAC,4,5.3,1.3,8%,15,13,19,1.5,5,0,0,2,2,100%,14,7,13,0
2019,PHI,16,218.7,13.7,53%,242,179,818,4.6,65,3,2,63,50,79%,509,10.2,45,3
2020,PHI,12,170.4,14.2,53%,216,164,867,5.3,82,6,4,52,28,54%,197,7,28,0
2021,PHI,12,117.2,9.8,46%,171,137,754,5.5,38,0,1,34,26,76%,158,6.1,25,0
2022,PHI,17,216.7,12.7,57%,285,259,1269,4.9,40,11,2,26,20,77%,78,3.9,16,0
2018,PHI,1,0,0,0%,0,0,0,0,0,0,0,0,0,0%,0,0,0,0
2019,PHI,11,96.9,8.8,23%,87,61,245,4,25,5,4,26,24,92%,204,8.5,39,0
2020,PHI,16,95.6,6,34%,116,80,374,4.7,56,1,2,36,25,69%,212,8.5,18,1
2021,PHI,16,98.6,6.2,20%,103,87,373,4.3,23,7,1,16,13,81%,83,6.4,19,0
2022,PHI,15,46.2,3.1,14%,60,54,217,4,21,3,0,6,5,83%,15,3,5,0
2021,SF,9,28.3,3.1,15%,45,41,167,4.1,16,1,0,4,3,75%,26,8.7,23,0
2022,PHI,2,1.9,0.9,1%,2,2,19,9.5,14,0,0,0,0,0%,0,0,0,0
2019,BUF,12,147.9,12.3,50%,192,151,775,5.1,38,2,4,41,29,71%,194,6.7,49,2
2020,BUF,16,143.6,9,57%,206,156,687,4.4,51,2,1,50,38,76%,269,7.1,34,0
2021,BUF,17,197.8,11.6,60%,238,188,870,4.6,46,7,5,50,40,80%,228,5.7,19,1
2022,BUF,16,177.9,11.1,65%,229,177,819,4.6,33,5,3,52,38,73%,280,7.4,22,1
2022,LAC,6,8.4,1.4,4%,21,18,41,2.3,11,0,0,3,3,100%,13,4.3,8,0
2021,NE,12,114.9,9.6,24%,151,133,606,4.6,21,5,2,18,14,78%,123,8.8,41,0
2022,NE,17,249.1,14.7,66%,298,210,1040,5,49,5,4,88,69,78%,421,6.1,40,1
2022,NE,15,27.2,1.8,5%,17,10,100,10,44,1,0,7,7,100%,42,6,16,0
2020,DET,13,189.8,14.6,38%,171,114,521,4.6,54,8,3,57,46,81%,357,7.8,26,2
2021,DET,13,208.9,16.1,51%,229,151,617,4.1,57,5,2,78,62,79%,452,7.3,63,2
2022,DET,14,191.1,13.7,34%,169,99,542,5.5,50,5,1,70,48,69%,389,8.1,25,3
2020,NE,6,12.4,2.1,5%,25,23,110,4.8,28,0,0,2,1,50%,4,4,4,0
2021,NE,5,18.5,3.7,5%,23,19,37,1.9,15,2,1,4,4,100%,8,2,5,0
2022,NE,1,2.7,2.7,13%,11,10,9,0.9,5,0,0,1,1,100%,8,8,8,0
2020,IND,15,252.8,16.9,47%,271,232,1169,5,62,11,1,39,36,92%,299,8.3,39,1
2021,IND,17,373.1,21.9,69%,383,332,1811,5.5,83,18,4,51,40,78%,360,9,76,2
2022,IND,11,146.4,13.3,54%,232,192,861,4.5,66,4,3,40,28,70%,143,5.1,19,0
2021,GB,8,17.2,2.1,12%,25,23,89,3.9,12,1,0,2,2,100%,3,1.5,3,0
2022,GB,14,5.8,0.4,4%,11,10,31,3.1,6,0,0,1,1,100%,17,17,17,0
2020,TB,10,23.3,2.3,9%,36,26,109,4.2,19,0,1,10,5,50%,34,6.8,13,1
2021,TB,12,36.6,3.1,9%,44,36,180,5,55,2,0,8,4,50%,26,6.5,8,0
2022,TB,15,10.2,0.7,3%,21,17,53,3.1,12,0,0,4,3,75%,19,6.3,11,0
2022,SEA,15,202.5,13.5,53%,263,228,1050,4.6,74,9,0,35,27,77%,165,6.1,33,0
2019,NYG,1,0,0,2%,0,0,0,0,0,0,0,0,0,0%,0,0,0,0
2020,SF,4,4,1,2%,2,1,3,3,3,0,0,1,1,100%,27,27,27,0
2021,NYJ,4,19,4.8,15%,29,26,101,3.9,14,1,0,3,2,67%,9,4.5,11,0
2020,ARI,14,8.1,0.6,1%,1,0,0,0,0,0,0,1,1,100%,11,11,11,1
2021,ARI,13,9.7,0.7,4%,13,9,33,3.7,7,0,0,4,3,75%,34,11.3,23,0
2022,TEN,8,5.2,0.7,2%,8,5,25,5,12,0,0,3,2,67%,7,3.5,4,0
2022,PIT,16,93.3,5.8,29%,110,77,379,4.9,31,1,1,33,28,85%,214,7.6,26,0
2022,TB,17,139.1,8.2,39%,187,129,481,3.7,35,1,3,58,50,86%,290,5.8,20,2
2022,LV,14,7,0.5,4%,17,17,70,4.1,22,0,0,0,0,0%,0,NaN,0,0
2021,ATL,15,25.5,1.7,0%,0,0,0,0,0,0,1,0,0,0%,0,0,0,0
2022,ATL,17,34,2,13%,36,22,109,5,21,1,1,14,13,93%,61,4.7,10,0
2017,GB,16,142.8,8.9,42%,187,153,556,3.6,25,4,0,34,25,74%,262,10.5,54,2
2018,GB,16,114.4,7.2,49%,162,121,464,3.8,20,3,0,41,27,66%,210,7.8,26,0
2019,GB,14,146.3,10.5,35%,152,107,460,4.3,45,1,0,45,39,87%,253,6.5,17,5
2020,GB,14,127.1,9.1,40%,154,119,505,4.2,25,2,0,35,31,89%,236,7.6,29,1
2021,DET,13,119.8,9.2,29%,181,153,601,3.9,20,3,1,28,26,93%,157,6,15,0
2022,DET,17,225.9,13.3,40%,278,262,1066,4.1,58,17,3,16,12,75%,73,6.1,17,0
2021,DEN,17,204.9,12.1,51%,256,203,903,4.4,49,4,2,53,43,81%,316,7.3,42,3
2022,DEN,4,42,10.5,54%,69,47,204,4.3,17,0,1,22,16,73%,76,4.8,13,0
2016,BUF,11,12.4,1.1,9%,29,27,94,3.5,20,1,2,2,1,50%,0,0,0,0
2017,NO,0,-,0,-,-,-,-,-,-,-,-,-,-,-,-,-,-,-
2018,IND,3,1.1,0.4,3%,4,3,0,0,1,0,0,1,1,100%,1,1,1,0
2019,IND,9,40.4,4.5,9%,54,49,235,4.8,48,1,0,5,5,100%,59,11.8,31,0
2020,DET,5,4.6,0.9,5%,5,1,5,5,5,0,1,4,4,100%,21,5.2,10,0
2021,WAS,5,20.7,4.1,18%,23,17,79,4.6,23,1,0,6,4,67%,28,7,19,0
2022,WAS,13,26.2,2,8%,47,37,152,4.1,23,0,0,10,7,70%,40,5.7,21,0
2022,LAR,10,30.5,3,24%,47,35,139,4,17,0,0,12,9,75%,76,8.4,15,0
2019,CIN,11,0,0,1%,0,0,0,0,0,0,0,0,0,0%,0,0,0,0
2020,CIN,10,21.7,2.2,6%,31,26,157,6,55,0,1,5,5,100%,30,6,13,0
2021,CIN,5,6.5,1.3,7%,17,15,51,3.4,10,0,0,2,1,50%,4,4,4,0
2022,CIN,8,8,1,3%,9,6,30,5,16,0,0,3,2,67%,30,15,24,0
2020,BAL,0,-,0,-,-,-,-,-,-,-,-,-,-,-,-,-,-,-
2021,BAL,13,41.9,3.2,13%,47,35,185,5.3,35,1,1,12,9,75%,84,9.3,21,0
2022,ARI,1,1.5,1.5,4%,1,0,0,0,0,0,0,1,1,100%,5,5,5,0
2018,SF,6,44.4,7.4,51%,81,66,266,4,18,0,3,15,12,80%,98,8.2,24,0
2019,SF,10,46.9,4.7,6%,32,27,105,3.9,25,4,0,5,3,60%,34,11.3,25,1
2020,SF,11,142.3,12.9,35%,154,126,600,4.8,34,7,2,28,13,46%,133,10.2,21,3
2021,SF,9,51.5,5.7,35%,87,79,294,3.7,17,2,1,8,7,88%,31,4.4,11,0
2022,MIA,16,158.5,9.9,50%,213,176,860,4.9,41,5,3,37,22,59%,185,8.4,16,1
2016,DAL,15,325.4,21.7,68%,362,322,1631,5.1,60,15,5,40,32,80%,363,11.3,83,1
2017,DAL,10,203.2,20.3,68%,280,242,983,4.1,30,7,1,38,26,68%,269,10.3,72,2
2018,DAL,15,329.2,21.9,83%,399,304,1435,4.7,41,6,6,95,77,81%,567,7.4,38,3
2019,DAL,16,311.7,19.5,83%,372,301,1357,4.5,33,12,3,71,54,76%,420,7.8,27,2
2020,DAL,15,223.7,14.9,69%,315,244,979,4,31,6,6,71,52,73%,338,6.5,19,2
2021,DAL,17,252.1,14.8,66%,302,237,1002,4.2,47,10,1,65,47,72%,287,6.1,21,2
2022,DAL,15,185.8,12.4,48%,254,231,876,3.8,27,12,0,23,17,74%,92,5.4,31,0
2017,MIN,4,65.4,16.4,22%,90,74,354,4.8,33,2,1,16,11,69%,90,8.2,36,0
2018,MIN,11,152,13.8,63%,182,133,615,4.6,70,2,2,49,40,82%,305,7.6,27,2
2019,MIN,14,292.4,20.9,59%,313,250,1135,4.5,75,13,4,63,53,84%,519,9.8,31,0
2020,MIN,14,337.8,24.1,62%,366,312,1557,5,70,16,5,54,44,81%,361,8.2,50,1
2021,MIN,13,206.3,15.9,53%,298,249,1159,4.7,66,6,3,49,34,69%,224,6.6,24,0
2022,MIN,17,237.8,14,72%,320,264,1173,4.4,81,8,4,56,39,70%,295,7.6,64,2
2017,JAX,13,230.2,17.7,50%,316,268,1040,3.9,90,9,2,48,36,75%,302,8.4,28,1
2018,JAX,8,120.4,15.1,43%,159,133,439,3.3,25,5,0,26,22,85%,185,8.4,31,1
2019,JAX,15,259.4,17.3,83%,365,265,1152,4.3,81,3,1,100,76,76%,522,6.9,27,0
2020,TB,13,132,10.2,36%,144,97,367,3.8,46,6,0,47,36,77%,233,6.5,20,0
2021,TB,14,255.6,18.3,63%,264,180,812,4.5,47,8,1,84,69,82%,454,6.6,23,2
2022,TB,16,226.1,14.1,57%,272,189,668,3.5,23,3,0,83,73,88%,523,7.2,44,3
2017,KC,16,295.2,18.4,65%,335,272,1327,4.9,69,8,1,63,53,84%,455,8.6,78,3
2018,KC,11,230.2,20.9,64%,216,181,824,4.6,45,7,0,35,26,74%,378,14.5,67,7
2019,CLE,8,101.4,12.7,60%,87,43,179,4.2,16,2,1,44,37,84%,285,7.7,29,1
2020,CLE,16,218.5,13.7,52%,249,198,841,4.2,33,6,2,51,38,75%,304,8,26,5
2021,CLE,8,110,13.8,29%,105,78,386,4.9,33,5,0,27,22,81%,174,7.9,23,0
2022,CLE,17,126.8,7.5,42%,167,123,468,3.8,24,3,1,44,35,80%,210,6,24,1