SEASON,TEAM,GP,PTS,PPG,SNP%,TGT,REC,CTCH%,YDS,Y/C,LNG,TD,ATT,YDS,Y/A,LNG,TD,FUM
2014,GB,16,100.6,6.3,70%,66,38,58%,446,11.7,45,3,0,0,0,0,0,0
2015,GB,13,106.3,8.2,66%,94,50,53%,483,9.7,40,1,0,0,0,0,0,0
2016,GB,16,246.7,15.4,84%,121,75,62%,997,13.3,66,12,0,0,0,0,0,2
2017,GB,14,222.5,15.9,74%,117,74,63%,885,12,55,10,0,0,0,0,0,0
2018,GB,15,329.6,22,89%,169,111,66%,1386,12.5,57,13,0,0,0,0,0,0
2019,GB,12,212.7,17.7,63%,127,83,65%,997,12,58,5,0,0,0,0,0,2
2020,GB,14,358.4,25.6,75%,148,115,78%,1374,11.9,56,18,0,0,0,0,0,1
2021,GB,16,344.3,21.5,79%,169,123,73%,1553,12.6,59,11,0,0,0,0,0,0
2022,LV,17,335.5,19.7,95%,180,100,56%,1516,15.2,60,14,3,-1,-0.3,4,0,1
2015,PHI,13,55.3,4.3,58%,44,23,52%,283,12.3,53,1,0,0,0,0,0,1
2016,PHI,15,87.9,5.9,78%,69,36,52%,365,10.1,40,2,5,14,2.8,5,0,1
2017,PHI,16,193.5,12.1,72%,95,62,65%,768,12.4,72,8,1,7,7,7,1,0
2018,PHI,16,165.4,10.3,90%,97,64,66%,736,11.5,83,4,3,32,10.7,16,0,1
2019,PHI,11,94,8.5,60%,69,39,57%,363,9.3,43,3,2,7,3.5,16,0,2
2020,LV,16,185.6,11.6,68%,82,48,59%,896,18.7,85,8,0,0,0,0,0,0
2021,NE,15,103.4,6.9,64%,64,37,58%,473,12.8,44,3,3,11,3.7,6,0,0
2022,NE,16,75.2,4.7,45%,53,31,58%,362,11.7,44,2,0,0,0,0,0,2
2017,DET,13,25.7,2,1%,2,2,100%,18,9,12,0,2,9,4.5,5,0,3
2018,DET,6,13.7,2.3,0%,0,0,0%,0,0,0,0,1,17,17,17,0,1
2019,DET,13,22.7,1.7,1%,2,1,50%,-2,-2,0,0,1,9,9,9,0,1
2020,DET,14,23.2,1.7,19%,20,13,65%,89,6.8,20,0,6,33,5.5,11,0,2
2021,JAX,10,70,7,41%,39,24,62%,229,9.5,29,1,7,111,15.9,66,1,1
2022,JAX,15,70.3,4.7,13%,30,23,77%,187,8.1,24,3,12,86,7.2,30,0,0
2020,SF,12,184.5,15.4,67%,96,60,63%,748,12.5,49,5,6,77,12.8,38,2,0
2021,SF,17,170.3,10,83%,84,56,67%,826,14.8,43,5,5,17,3.4,8,0,2
2022,SF,17,227.8,13.4,91%,114,78,68%,1015,13,54,8,2,23,11.5,16,0,1
2022,DET,4,1.7,0.4,3%,1,1,100%,7,7,7,0,0,0,NaN,0,0,0
2022,ATL,1,0,0,5%,1,0,0%,0,NaN,0,0,0,0,NaN,0,0,0
2013,LAC,15,219.6,14.6,85%,104,71,68%,1046,14.7,43,8,0,0,0,0,0,2
2014,LAC,14,175.3,12.5,78%,121,77,64%,783,10.2,35,4,0,0,0,0,0,2
2015,LAC,8,161.5,20.2,90%,89,67,75%,725,10.8,38,4,0,0,0,0,0,1
2016,LAC,1,12.3,12.3,3%,7,6,86%,63,10.5,15,0,0,0,0,0,0,0
2017,LAC,16,284.2,17.8,84%,159,102,64%,1393,13.7,51,6,2,9,4.5,6,1,1
2018,LAC,16,260.1,16.3,80%,136,97,71%,1196,12.3,54,6,9,75,8.3,28,0,3
2019,LAC,16,261.5,16.3,88%,149,104,70%,1199,11.5,45,6,3,16,5.3,18,0,0
2020,LAC,14,245.1,17.5,75%,147,100,68%,992,9.9,28,8,1,-1,-1,0,0,3
2021,LAC,16,257.8,16.1,81%,157,106,68%,1138,10.7,42,6,0,0,0,0,0,1
2022,LAC,10,164,16.4,43%,89,66,74%,752,11.4,46,4,1,8,8,8,0,1
2019,PHI,16,32.9,2.1,42%,22,10,45%,169,16.9,30,1,0,0,0,0,0,0
2020,PHI,8,20.5,2.6,13%,8,4,50%,85,21.2,37,0,0,0,0,0,1,0
2021,PHI,16,5.6,0.3,15%,5,2,40%,36,18,23,0,0,0,0,0,0,0
2018,LV,7,36.4,5.2,59%,31,15,48%,154,10.3,32,1,0,0,0,0,0,0
2019,LV,11,14.6,1.3,18%,10,5,50%,116,23.2,36,0,0,0,0,0,0,1
2021,LV,1,0,0,0%,0,0,0%,0,0,0,0,0,0,0,0,0,0
2021,LAR,8,0,0,2%,0,0,0%,0,0,0,0,0,0,0,0,0,1
2022,LAR,13,63.2,4.9,30%,35,18,51%,298,16.6,62,1,9,34,3.8,11,1,0
2022,ARI,8,11.5,1.4,18%,10,7,70%,45,6.4,11,0,0,0,NaN,0,0,0
2019,LAR,0,-,0,-,-,-,-,-,-,-,-,-,-,-,-,-,-
2020,NYG,1,0,0,2%,0,0,0%,0,0,0,0,0,0,0,0,0,0
2021,NYG,3,-0.3,0,17%,0,0,0%,0,0,0,0,1,-3,-3,0,0,0
2021,NO,2,0,0,0%,0,0,0%,0,NaN,0,0,0,0,NaN,0,0,0
2021,LAC,1,0,0,16%,0,0,0%,0,0,0,0,0,0,0,0,0,0
2022,LAC,10,18.9,1.9,21%,21,10,48%,89,8.9,25,0,0,0,0,0,0,0
2021,BAL,12,103.5,8.6,68%,67,46,69%,515,11.2,36,1,0,0,0,0,0,0
2022,BAL,6,53.5,8.9,37%,28,15,54%,285,19,75,2,0,0,0,0,0,1
2012,DAL,10,27.8,2.8,11%,24,15,63%,128,8.5,20,0,0,0,0,0,0,0
2013,DAL,14,87.8,6.3,24%,54,39,72%,368,9.4,23,2,0,0,0,0,0,1
2014,DAL,16,99,6.2,41%,49,37,76%,420,11.4,45,4,0,0,0,0,0,2
2015,DAL,16,131.6,8.2,55%,75,52,69%,536,10.3,30,5,0,0,0,0,0,2
2016,DAL,16,189,11.8,57%,98,75,77%,833,11.1,47,5,1,7,7,7,0,0
2017,DAL,15,91.4,6.1,54%,63,36,57%,314,8.7,54,4,0,0,0,0,0,0
2018,DAL,16,150.2,9.4,66%,86,65,76%,672,10.3,32,3,0,0,0,0,0,0
2019,BUF,15,184.8,12.3,69%,104,67,64%,778,11.6,51,6,0,0,0,0,0,0
2020,BUF,15,207.5,13.8,63%,107,82,77%,967,11.8,35,4,0,0,0,0,0,0
2021,BUF,16,159.3,10,58%,112,82,73%,693,8.5,29,1,0,0,0,0,0,1
2022,BUF,4,9.5,2.4,11%,7,6,86%,35,5.8,9,0,0,0,0,0,0,0
2014,NYG,12,295,24.6,68%,130,91,70%,1305,14.3,80,12,7,35,5,13,0,1
2015,NYG,15,319.3,21.3,95%,158,96,61%,1450,15.1,87,13,1,3,3,3,0,2
2016,NYG,16,296.6,18.5,94%,169,101,60%,1367,13.5,75,10,1,9,9,9,0,3
2017,NYG,4,74,18.5,30%,41,25,61%,302,12.1,48,3,1,8,8,8,0,0
2018,NYG,12,230.3,19.2,70%,124,77,62%,1052,13.7,51,6,5,19,3.8,11,0,2
2019,CLE,16,201.3,12.6,95%,133,74,56%,1035,14,89,4,3,10,3.3,11,0,1
2020,CLE,7,86.8,12.4,70%,43,23,53%,319,13.9,43,3,3,72,24,50,1,0
2021,LAR,14,129.1,9.2,61%,82,44,54%,537,12.2,54,5,2,14,7,10,0,0
2022,CLE,16,45.4,2.8,44%,35,24,69%,214,8.9,20,0,0,0,NaN,0,0,0
2021,DET,8,20.3,2.5,25%,22,10,45%,103,10.3,24,0,0,0,0,0,0,0
2022,DET,1,0,0,21%,0,0,0%,0,0,0,0,0,0,0,0,0,0
2019,NYJ,16,15.5,1,8%,13,6,46%,115,19.2,69,0,0,0,0,0,0,1
2020,NYJ,16,97.3,6.1,29%,55,37,67%,394,10.6,43,3,3,29,9.7,15,0,0
2021,NYJ,16,115.1,7.2,37%,65,46,71%,431,9.4,46,2,7,40,5.7,11,2,1
2022,NYJ,17,57.7,3.4,27%,32,18,56%,145,8.1,25,0,9,91,10.1,25,2,2
2021,NYJ,1,2,2,41%,2,1,50%,10,10,10,0,0,0,NaN,0,0,0
2017,SF,11,41.7,3.8,26%,34,16,47%,257,16.1,54,0,0,0,0,0,0,0
2018,SF,16,114.7,7.2,57%,66,42,64%,487,11.6,33,4,0,0,0,0,0,1
2019,SF,16,97.8,6.1,44%,44,30,68%,358,11.9,30,5,0,0,0,0,0,0
2020,SF,15,129.7,8.6,63%,74,49,66%,667,13.6,49,2,0,0,0,0,0,0
2021,NE,17,180.5,10.6,52%,70,55,79%,800,14.5,75,5,12,125,10.4,18,0,1
2022,NE,16,88.3,5.5,42%,48,35,73%,434,12.4,41,1,6,39,6.5,29,0,2
2020,MIA,10,53.6,5.4,32%,37,28,76%,211,7.5,22,0,9,32,3.6,11,0,0
2022,NE,1,0,0,22%,0,0,0%,0,0,0,0,0,0,0,0,0,0
2016,CIN,16,124.1,7.8,68%,81,54,67%,603,11.2,30,1,4,58,14.5,39,0,1
2017,CIN,10,56.5,5.7,32%,32,22,69%,225,10.2,49,2,0,0,0,0,0,0
2018,CIN,14,221.1,15.8,78%,108,76,70%,1028,13.5,49,7,2,3,1.5,5,0,0
2019,CIN,16,222.9,13.9,89%,147,90,61%,1046,11.6,47,5,4,23,5.8,10,0,2
2020,CIN,15,192.6,12.8,69%,110,79,72%,841,10.6,72,4,5,49,9.8,25,0,1
2021,CIN,16,183.8,11.5,73%,94,67,71%,828,12.4,68,5,2,22,11,14,0,1
2022,CIN,16,167.1,10.4,72%,82,58,71%,762,13.1,60,5,0,0,0,0,0,0
2019,BAL,16,50.8,3.2,39%,22,13,59%,198,15.2,50,3,0,0,0,0,0,0
2020,BAL,16,69.6,4.3,53%,33,19,58%,266,14,43,4,0,0,0,0,0,0
2021,BAL,8,1.6,0.2,4%,1,1,100%,6,6,6,0,0,0,0,0,0,0
2022,PIT,16,3.1,0.2,11%,3,2,67%,11,5.5,11,0,0,0,0,0,0,0
2020,CLE,3,11,3.7,31%,11,5,45%,60,12,22,0,0,0,0,0,0,0
2021,CLE,5,10.4,2.1,17%,4,4,100%,64,16,37,0,0,0,0,0,0,0
2019,TEN,16,217.1,13.6,68%,84,52,62%,1051,20.2,91,8,3,60,20,49,1,1
2020,TEN,14,241.5,17.3,71%,106,70,66%,1075,15.4,73,11,0,0,0,0,0,2
2021,TEN,13,180.9,13.9,62%,105,63,60%,869,13.8,57,5,2,10,5,7,0,0
2022,PHI,17,299.6,17.6,85%,146,88,60%,1496,17,78,11,0,0,0,0,0,2
2021,WAS,15,28.1,1.9,30%,25,12,48%,165,13.8,48,0,1,-4,-4,0,0,0
2022,WAS,15,32.8,2.2,14%,14,5,36%,143,28.6,75,2,1,15,15,15,0,0
2019,BAL,14,146.4,10.5,51%,71,46,65%,584,12.7,83,7,0,0,0,0,0,0
2020,BAL,16,183,11.4,78%,100,58,58%,769,13.3,70,8,1,1,1,1,0,0
2021,BAL,16,226.3,14.1,74%,145,91,63%,1008,11.1,49,6,1,5,5,5,0,3
2022,ARI,12,156,13,91%,107,67,63%,709,10.6,47,3,1,1,1,1,0,1
2017,DAL,13,7.3,0.6,15%,9,4,44%,33,8.2,14,0,0,0,0,0,0,0
2018,DAL,8,10.4,1.3,18%,8,5,63%,54,10.8,22,0,0,0,0,0,0,0
2019,DAL,0,-,0,-,-,-,-,-,-,-,-,-,-,-,-,-,-
2020,DAL,16,29.8,1.9,20%,23,14,61%,154,11,20,0,1,4,4,4,0,0
2021,DAL,13,34.4,2.6,30%,25,16,64%,184,11.5,27,0,0,0,0,0,0,0
2022,DAL,16,114.5,7.2,71%,73,43,59%,555,12.9,51,3,0,0,0,0,0,1
2022,TEN,11,94.1,8.6,49%,54,33,61%,444,13.5,51,1,4,47,11.8,20,1,0
2020,PHI,2,0,0,0%,1,0,0%,0,NaN,0,0,0,0,NaN,0,0,0
2016,CAR,1,2.6,2.6,3%,1,1,100%,16,16,16,0,0,0,0,0,0,0
2017,CAR,8,33.7,4.2,19%,17,10,59%,105,10.5,31,2,1,12,12,12,0,0
2018,CAR,8,1.8,0.2,8%,2,1,50%,8,8,8,0,0,0,0,0,0,0
2019,ARI,11,71.9,6.5,43%,46,32,70%,359,11.2,58,1,0,0,0,0,0,1
2020,NE,16,114.9,7.2,89%,77,47,61%,604,12.9,42,1,2,15,7.5,11,0,3
2021,CHI,17,64.9,3.8,55%,38,26,68%,329,12.7,54,1,0,0,0,0,0,1
2022,ATL,14,51.8,3.7,30%,23,13,57%,268,20.6,75,2,0,0,0,0,0,0
2019,PIT,13,21.4,1.6,32%,20,9,45%,124,13.8,35,0,0,0,0,0,0,0
2020,PIT,2,0,0,8%,0,0,0%,0,0,0,0,0,0,0,0,0,0
2020,NO,11,42.3,3.8,30%,27,21,78%,213,10.1,27,0,0,0,0,0,0,0
2021,NO,17,151.8,8.9,76%,84,46,55%,698,15.2,58,6,0,0,0,0,0,0
2022,NO,14,37.8,2.7,38%,32,16,50%,158,9.9,33,1,0,0,0,0,0,0
2021,HOU,3,0,0,34%,0,0,0%,0,0,0,0,0,0,0,0,0,0
2022,HOU,2,1.7,0.8,12%,1,1,100%,7,7,7,0,0,0,0,0,0,0
2019,IND,7,38.1,5.4,22%,24,18,75%,127,7.1,27,1,4,34,8.5,22,0,3
2020,IND,2,14.7,7.3,43%,9,6,67%,71,11.8,21,0,2,16,8,9,0,0
2021,IND,6,32.2,5.4,39%,20,10,50%,162,16.2,51,1,0,0,0,0,0,0
2022,IND,17,149.1,8.8,85%,91,63,69%,623,9.9,49,3,5,58,11.6,28,0,1
2018,HOU,14,42.3,3,30%,25,22,88%,216,9.8,50,0,1,7,7,7,0,5
2019,HOU,16,25.2,1.6,19%,14,11,79%,162,14.7,46,0,0,0,0,0,0,2
2020,CHI,13,-0.2,0,4%,2,1,50%,8,8,8,0,0,0,0,0,0,2
2021,WAS,17,80.5,4.7,45%,44,24,55%,296,12.3,26,3,10,89,8.9,27,0,3
2022,LAC,17,112.3,6.6,59%,65,46,71%,538,11.7,35,3,2,-15,-7.5,0,0,3
2018,JAX,11,29.4,2.7,28%,32,14,44%,174,12.4,38,0,0,0,0,0,0,1
2019,JAX,15,225.8,15.1,78%,118,73,62%,1008,13.8,69,8,2,20,10,20,0,0
2020,JAX,13,153.6,11.8,68%,93,53,57%,706,13.3,73,5,0,0,0,0,0,0
2021,JAX,4,34.4,8.6,67%,22,7,32%,154,22,41,2,0,0,0,0,0,0
2022,DET,11,98.2,8.9,59%,52,30,58%,502,16.7,51,3,0,0,0,0,0,0
2022,NYJ,0,-,0,-,-,-,-,-,-,-,-,-,-,-,-,-,-
2021,CIN,17,304.6,17.9,85%,128,81,63%,1455,18,82,13,7,21,3,10,0,2
2022,CIN,12,242.4,20.2,72%,134,87,65%,1046,12,60,9,5,8,1.6,6,0,2
2020,MIN,14,0,0,0%,0,0,0%,0,0,0,0,0,0,0,0,0,0
2021,MIN,11,0,0,1%,0,0,0%,0,0,0,0,0,0,0,0,0,0
2022,MIN,2,0,0,0%,0,0,0%,0,0,0,0,0,0,0,0,0,0
2016,NYJ,16,114.9,7.2,69%,78,42,54%,14,52,2,3,42,14,30,0,1
2017,NYJ,16,200,12.5,78%,114,63,55%,14.9,69,7,3,9,3,7,0,0
2018,NYJ,14,156.4,11.2,68%,93,50,54%,15,76,6,2,-8,-4,1,0,2
2019,NYJ,16,162.3,10.1,91%,96,52,54%,15,92,5,1,4,4,4,0,1
2020,CAR,16,224.1,14,78%,136,95,70%,11.5,75,3,4,15,3.8,11,0,1
2021,CAR,17,138.5,8.1,85%,110,53,48%,9.8,57,5,3,36,12,30,0,0
2022,ARI,16,52.2,3.3,45%,44,20,45%,14.1,75,1,0,0,0,0,0,1
2020,PIT,16,214.9,13.4,63%,109,62,57%,873,14.1,84,9,10,16,1.6,8,2,3
2021,PIT,15,166.6,11.1,70%,105,59,56%,860,14.6,59,2,14,96,6.9,25,0,0
2022,CHI,15,105,7,62%,79,46,58%,451,9.8,31,1,9,59,6.6,15,0,1
2020,DEN,10,12.3,1.2,7%,9,6,67%,63,10.5,17,0,0,0,0,0,0,0
2021,DEN,7,0,0,5%,1,0,0%,0,0,0,0,0,0,0,0,0,0
2022,DEN,6,4.8,0.8,12%,7,2,29%,28,14,16,0,0,0,0,0,0,0
2011,GB,15,62,4.1,-,30,24,80%,369,15.4,61,1,3,11,3.7,6,0,3
2012,GB,15,234.6,15.6,58%,104,80,77%,954,11.9,39,8,10,132,13.2,28,0,4
2013,GB,6,106.1,17.7,78%,47,31,66%,433,14,48,4,4,78,19.5,67,0,0
2014,GB,16,293.4,18.3,88%,127,91,72%,1287,14.1,70,12,11,37,3.4,12,0,3
2015,GB,16,208.9,13.1,91%,129,79,61%,829,10.5,53,6,13,50,3.8,12,1,1
2016,GB,13,148.3,11.4,63%,84,60,71%,610,10.2,47,4,10,33,3.3,14,0,1
2017,GB,15,159.4,10.6,71%,92,66,72%,653,9.9,46,4,9,17,1.9,10,0,1
2018,GB,9,86.3,9.6,55%,61,38,62%,383,10.1,75,2,0,0,0,0,0,2
2019,DAL,15,154.9,10.3,64%,83,55,66%,828,15.1,59,3,3,11,3.7,7,0,2
2020,HOU,10,100.1,10,60%,48,38,79%,441,11.6,34,3,0,0,0,0,0,0
2021,GB,12,93.6,7.8,47%,39,28,72%,375,13.4,54,5,1,1,1,1,0,1
2022,GB,13,81.7,6.3,44%,50,34,68%,417,12.3,40,1,0,0,0,0,0,1
2017,JAX,16,132.8,8.3,67%,83,42,51%,748,17.8,75,3,0,0,0,0,0,2
2018,JAX,16,89.1,5.6,66%,70,38,54%,491,12.9,35,1,0,0,0,0,0,2
2019,JAX,16,78.7,4.9,34%,35,24,69%,361,15,55,3,1,6,6,6,0,0
2020,JAX,16,149.4,9.3,76%,88,55,63%,642,11.7,51,5,1,2,2,2,0,0
2021,NYJ,15,78.9,5.3,50%,51,28,55%,449,16,54,1,0,0,0,0,0,0
2022,LV,14,30.1,2.1,35%,21,10,48%,141,14.1,30,1,0,0,0,0,0,1
2021,HOU,14,83.6,6,59%,61,33,54%,446,13.5,32,1,0,0,0,0,0,0
2022,HOU,10,97.1,9.7,51%,66,37,56%,481,13,58,2,0,0,0,0,0,0
2015,KC,16,42.9,2.7,37%,31,17,55%,199,11.7,44,1,0,0,0,0,0,0
2016,KC,16,97,6.1,80%,69,44,64%,530,12,39,0,0,0,0,0,0,1
2017,KC,5,28.5,5.7,42%,16,11,69%,175,15.9,35,0,0,0,0,0,0,0
2018,KC,16,91.4,5.7,77%,52,32,62%,334,10.4,27,5,0,0,0,0,0,2
2019,JAX,16,156.5,9.8,79%,90,47,52%,775,16.5,70,5,0,0,0,0,0,0
2020,JAX,15,97.1,6.5,42%,63,40,63%,471,11.8,51,2,0,0,0,0,0,1
2021,HOU,16,64.6,4,58%,37,22,59%,323,14.7,41,2,1,3,3,3,0,1
2022,TEN,9,8.6,1,24%,7,4,57%,46,11.5,27,0,0,0,0,0,0,0
2014,NO,10,139.3,13.9,72%,69,53,77%,10.4,50,3,7,73,10.4,28,1,1
2015,NO,16,253.6,15.8,83%,129,84,65%,13.5,71,9,8,18,2.2,11,0,1
2016,NO,16,246.3,15.4,76%,117,78,67%,15,98,8,6,30,5,11,0,1
2017,NE,16,221.2,13.8,93%,114,65,57%,16.6,64,7,9,40,4.4,13,0,0
2018,LAR,16,243.2,15.2,90%,117,80,68%,15,57,5,10,68,6.8,17,1,1
2019,LAR,14,117.5,8.4,63%,72,42,58%,13.9,57,2,6,52,8.7,27,0,0
2020,HOU,15,232,15.5,82%,119,81,68%,14.2,57,6,0,0,0,0,0,0
2021,HOU,16,231.8,14.5,78%,134,90,67%,11.5,52,6,2,21,10.5,16,0,0
2022,HOU,13,145.6,11.2,62%,93,57,61%,12.3,44,3,2,7,3.5,5,0,0
2015,LV,16,212.7,13.3,85%,130,72,55%,1070,14.9,68,6,3,-3,-1,2,0,1
2016,LV,16,230.9,14.4,89%,131,82,63%,1149,14,64,5,1,0,0,0,0,2
2017,LV,14,158.4,11.3,70%,96,48,50%,680,14.2,87,7,1,4,4,4,0,1
2018,DAL,15,215.4,14.4,80%,107,75,70%,1004,13.4,90,7,2,20,10,11,0,2
2019,DAL,16,246.5,15.4,75%,119,79,66%,1189,15.1,53,8,1,6,6,6,0,0
2020,DAL,16,236.8,14.8,82%,130,92,71%,1114,12.1,69,5,6,14,2.3,10,0,0
2021,DAL,15,202.5,13.5,68%,103,68,66%,865,12.7,41,8,0,0,0,0,0,1
2022,CLE,17,246,14.5,83%,132,78,59%,1160,14.9,55,9,0,0,0,0,0,0
2021,JAX,1,0,0,2%,0,0,0%,0,NaN,0,0,0,0,NaN,0,0,0
2020,HOU,1,0,0,1%,0,0,0%,0,0,0,0,0,0,0,0,0,0
2021,CHI,2,0,0,4%,1,0,0%,0,0,0,0,0,0,0,0,0,0
2022,CHI,0,-,0,-,-,-,-,-,-,-,-,-,-,-,-,-,-
2018,HOU,6,62.7,10.5,28%,41,28,68%,287,10.2,40,1,3,0,0,3,0,0
2019,HOU,9,52.8,5.9,32%,36,22,61%,254,11.5,51,0,2,14,7,10,1,1
2020,HOU,8,87,10.9,30%,40,33,83%,400,12.1,64,3,0,0,0,0,0,4
2021,IND,2,1.5,0.8,24%,1,1,100%,5,5,5,0,0,0,0,0,0,0
2022,IND,8,1,0.1,0%,1,1,100%,20,20,20,0,0,0,0,0,0,4
2022,PHI,17,0,0,2%,0,0,0%,0,NaN,0,0,0,0,NaN,0,0,2
2017,DEN,0,-,0,-,-,-,-,-,-,-,-,-,-,-,-,-,-
2018,DEN,8,3.4,0.4,5%,2,1,50%,44,44,44,0,0,0,0,0,0,1
2019,DEN,1,0,0,3%,0,0,0%,0,0,0,0,0,0,0,0,0,0
2020,SF,9,10.1,1.1,18%,9,6,67%,41,6.8,12,0,0,0,0,0,0,0
2021,SF,4,0,0,0%,0,0,0%,0,0,0,0,0,0,0,0,0,0
2022,MIA,11,31.2,2.8,15%,14,9,64%,102,11.3,22,2,0,0,0,0,0,0
2015,WAS,16,133.6,8.3,69%,78,59,76%,604,10.2,44,2,2,2,1,2,0,5
2016,WAS,16,191.5,12,74%,99,67,68%,847,12.6,55,7,2,-2,-1,7,0,2
2017,WAS,15,160.3,10.7,66%,103,66,64%,789,12,41,3,7,34,4.9,11,0,6
2018,WAS,9,82.8,9.2,48%,50,29,58%,388,13.4,79,2,4,30,7.5,25,0,0
2019,NYJ,16,197.7,12.4,79%,122,78,64%,833,10.7,41,6,1,4,4,4,0,0
2020,NYJ,12,172,14.3,60%,88,59,67%,699,11.8,69,6,1,14,14,14,0,0
2021,NYJ,12,109.7,9.1,48%,71,51,72%,447,8.8,29,2,0,0,0,0,0,1
2022,BUF,4,12,3,33%,13,6,46%,60,10,16,0,0,0,0,0,0,1
2021,ATL,10,2.4,0.2,2%,4,1,25%,14,14,14,0,0,0,0,0,0,0
2022,ATL,5,2.5,0.5,11%,1,1,100%,15,15,15,0,0,0,0,0,0,0
2021,TB,9,11.4,1.3,8%,12,6,50%,43,7.2,29,0,1,11,11,11,0,0
2022,CLE,14,4.8,0.3,5%,2,2,100%,26,13,25,0,1,2,2,2,0,0
2017,TEN,11,69.5,6.3,50%,65,34,52%,375,11,37,0,0,0,0,0,0,1
2018,TEN,16,183.6,11.5,89%,112,65,58%,891,13.7,51,4,6,55,9.2,39,0,1
2019,TEN,15,115.1,7.7,72%,69,43,62%,601,14,38,2,0,0,0,0,0,1
2020,TEN,14,191.4,13.7,67%,92,65,71%,984,15.1,75,5,0,0,0,0,0,1
2021,NYJ,9,105.2,11.7,56%,59,34,58%,492,14.5,53,4,0,0,0,0,0,2
2022,NYJ,13,97.6,7.5,55%,64,32,50%,536,16.8,66,2,0,0,0,0,0,0
2019,MIN,1,0,0,0%,0,0,0%,0,0,0,0,0,0,0,0,0,0
2021,HOU,2,2.7,1.4,4%,3,1,33%,17,17,17,0,0,0,0,0,0,0
2020,BUF,16,136.9,8.6,73%,62,35,56%,599,17.1,56,7,1,0,0,0,0,1
2021,BUF,16,125.9,7.9,48%,63,35,56%,549,15.7,49,6,0,0,0,0,0,0
2022,BUF,15,171.6,11.4,85%,93,48,52%,836,17.4,98,7,0,0,0,0,0,1
2015,MIN,13,149.3,11.5,64%,84,52,62%,720,13.8,40,4,3,13,4.3,10,0,2
2016,MIN,13,193.3,14.9,66%,112,84,75%,903,10.8,46,3,3,10,3.3,12,0,0
2017,MIN,14,198.2,14.2,70%,95,64,67%,849,13.3,59,8,8,13,1.6,9,0,0
2018,MIN,15,266.3,17.8,83%,150,102,68%,1021,10,75,9,10,62,6.2,20,0,0
2019,MIN,15,212.1,14.1,76%,94,63,67%,1130,17.9,66,6,5,61,12.2,27,0,4
2020,BUF,16,328.6,20.5,89%,166,127,77%,1535,12.1,55,8,1,1,1,1,0,0
2021,BUF,17,285.5,16.8,82%,165,103,62%,1225,11.9,61,10,0,0,0,0,0,1
2022,BUF,16,316.6,19.8,77%,154,108,70%,1429,13.2,53,11,1,-3,-3,0,0,1
2015,IND,11,46.2,4.2,19%,39,18,46%,225,12.5,35,1,3,17,5.7,11,0,2
2016,IND,15,98.8,6.6,73%,59,33,56%,528,16,64,2,2,10,5,7,0,1
2017,NE,15,32.1,2.1,33%,18,12,67%,194,16.2,39,0,1,7,7,7,0,0
2018,NE,16,81.9,5.1,36%,42,32,76%,290,9.1,20,3,4,29,7.2,17,0,0
2019,NE,14,100.8,7.2,49%,54,29,54%,397,13.7,58,5,3,21,7,9,0,0
2020,SEA,0,-,0,-,-,-,-,-,-,-,-,-,-,-,-,-,-
2021,HOU,6,18,3,24%,14,7,50%,110,15.7,36,0,1,0,0,0,0,0
2022,HOU,15,51.7,3.4,44%,40,20,50%,257,12.8,34,1,0,0,0,0,0,0
2019,CAR,2,-2,0,2%,0,0,0%,0,0,0,0,0,0,0,0,0,1
2021,ARI,5,6.9,1.4,10%,3,3,100%,15,5,10,0,1,24,24,24,0,0
2022,ARI,16,113.1,7.1,43%,64,52,81%,467,9,47,2,7,44,6.3,20,0,1
2019,LV,6,24.3,4,21%,14,11,79%,133,12.1,31,0,0,0,0,0,0,0
2020,LV,1,0,0,4%,0,0,0%,0,0,0,0,0,0,0,0,0,0
2022,LAC,0,-,0,-,-,-,-,-,-,-,-,-,-,-,-,-,-
2022,WAS,12,130.6,10.9,55%,61,35,57%,523,14.9,61,7,2,-7,-3.5,3,0,0
2022,GB,13,101.6,7.8,48%,67,42,63%,425,10.1,26,3,1,11,11,11,0,2
2019,IND,13,3.7,0.3,11%,2,2,100%,17,8.5,13,0,0,0,0,0,0,0
2020,IND,13,9.4,0.7,12%,6,3,50%,53,17.7,34,0,2,11,5.5,8,0,1
2021,IND,17,45.5,2.7,30%,22,13,59%,173,13.3,62,2,3,32,10.7,37,0,0
2022,IND,12,42.5,3.5,26%,22,15,68%,207,13.8,39,1,2,8,4,5,0,0
2020,BAL,16,47.1,2.9,34%,26,20,77%,201,10,39,0,4,70,17.5,42,0,0
2021,BAL,16,83.2,5.2,49%,47,33,70%,272,8.2,21,2,7,50,7.1,19,1,1
2022,BAL,14,110.1,7.9,69%,49,37,76%,407,11,31,3,12,84,7,18,1,1
2020,LV,12,36.3,3,24%,15,11,73%,193,17.5,34,1,0,0,0,0,0,0
2021,LV,16,109.1,6.8,71%,59,34,58%,571,16.8,51,3,1,0,0,0,0,1
2022,ATL,7,4.5,0.6,14%,5,3,60%,15,5,10,0,0,0,0,0,0,0
2016,CIN,16,13.1,0.8,8%,8,6,75%,71,11.8,20,0,0,0,0,0,0,3
2017,CIN,16,35.6,2.2,19%,16,12,75%,180,15,37,1,5,16,3.2,14,0,6
2018,CIN,16,36.9,2.3,36%,29,20,69%,167,8.4,28,0,3,22,7.3,14,0,1
2019,CIN,16,96.2,6,56%,78,43,55%,529,12.3,52,0,5,33,6.6,17,0,4
2020,CIN,16,22.6,1.4,19%,17,12,71%,139,11.6,42,0,5,7,1.4,7,0,2
2021,CAR,17,8.5,0.5,5%,4,3,75%,55,18.3,25,0,0,0,0,0,0,0
2022,WAS,2,0,0,0%,0,0,0%,0,0,0,0,0,0,0,0,0,0
2021,SEA,10,28.3,2.8,25%,20,10,50%,64,6.4,17,1,4,59,14.8,30,0,0
2022,SEA,10,13.8,1.4,27%,13,7,54%,58,8.3,16,0,2,10,5,6,0,0
2014,TB,15,245.1,16.3,77%,123,68,55%,1051,15.5,56,12,0,0,0,0,0,0
2015,TB,15,210.6,14,78%,148,74,50%,1206,16.3,68,3,0,0,0,0,0,1
2016,TB,16,304.1,19,84%,173,96,55%,1321,13.8,45,12,0,0,0,0,0,0
2017,TB,15,203.1,13.5,81%,136,71,52%,1001,14.1,42,5,0,0,0,0,0,1
2018,TB,16,290.4,18.1,84%,139,86,62%,1524,17.7,72,8,0,0,0,0,1,2
2019,TB,13,232.7,17.9,78%,118,67,57%,1157,17.3,67,8,0,0,0,0,0,0
2020,TB,16,248.6,15.5,80%,109,70,64%,1006,14.4,50,13,0,0,0,0,0,0
2021,TB,16,262.5,16.4,77%,114,74,65%,1035,14,46,14,1,10,10,10,0,0
2022,TB,15,225.4,15,81%,127,77,61%,1124,14.6,63,6,0,0,0,0,0,0
2022,MIA,1,1.3,1.3,1%,1,1,100%,3,3,3,0,0,0,NaN,0,0,0
2021,DAL,5,0,0,1%,0,0,0%,0,0,0,0,0,0,0,0,0,0
2022,DAL,5,5.4,1.1,12%,4,3,75%,24,8,12,0,0,0,0,0,0,0
2022,IND,1,0,0,2%,0,0,0%,0,NaN,0,0,0,0,NaN,0,0,0
2021,TEN,4,15.9,4,18%,8,5,63%,49,9.8,18,1,0,0,0,0,0,0
2022,TEN,1,0,0,8%,0,0,0%,0,0,0,0,0,0,0,0,0,0
2017,MIA,0,-,0,-,-,-,-,-,-,-,-,-,-,-,-,-,-
2018,MIA,1,0,0,24%,1,0,0%,0,0,0,0,0,0,0,0,0,0
2019,MIA,8,48.5,6.1,35%,35,23,66%,244,10.6,28,0,1,11,11,11,0,0
2020,MIA,10,55.6,5.6,41%,44,28,64%,276,9.9,18,0,0,0,0,0,0,0
2021,MIA,13,40.1,3.1,16%,17,12,71%,161,13.4,52,2,0,0,0,0,0,0
2020,IND,5,4.3,0.9,16%,3,2,67%,23,11.5,12,0,0,0,0,0,0,0
2021,KC,2,0,0,0%,0,0,0%,0,0,0,0,0,0,0,0,0,0
2022,KC,0,-,0,-,-,-,-,-,-,-,-,-,-,-,-,-,-
2018,ATL,15,12.3,0.8,6%,10,6,60%,63,10.5,22,0,0,0,0,0,0,0
2019,ATL,16,98.8,6.2,44%,74,49,66%,446,9.1,19,1,4,12,3,6,0,1
2020,ATL,16,181.1,11.3,68%,110,72,65%,786,10.9,35,4,2,9,4.5,11,0,0
2021,ATL,14,163,11.6,58%,94,66,70%,770,11.7,49,4,0,0,0,0,0,2
2022,TB,13,123.6,9.5,44%,70,51,73%,426,8.4,23,5,0,0,0,0,0,1
2018,DAL,16,97.7,6.1,68%,68,33,49%,507,15.4,49,2,0,0,0,0,0,0
2019,DAL,14,212.7,15.2,76%,112,66,59%,1107,16.8,62,6,0,0,0,0,0,0
2020,DAL,16,173.3,10.8,88%,105,59,56%,843,14.3,55,5,0,0,0,0,0,0
2021,DAL,9,91.5,10.2,75%,62,35,56%,445,12.7,41,2,0,0,0,0,0,0
2022,DAL,14,105.4,7.5,64%,74,39,53%,424,10.9,27,4,0,0,0,0,0,0
2022,TB,3,0,0,4%,0,0,0%,0,NaN,0,0,0,0,NaN,0,0,0
2017,TB,16,92.5,5.8,41%,55,34,62%,525,15.4,70,1,0,0,0,0,0,0
2018,TB,16,185.2,11.6,64%,95,59,62%,842,14.3,48,7,0,0,0,0,0,4
2019,TB,14,276.1,19.7,83%,120,86,72%,1333,15.5,71,9,1,8,8,8,0,0
2020,TB,12,191,15.9,63%,84,65,77%,840,12.9,47,7,0,0,0,0,0,1
2021,TB,14,242.4,17.3,85%,128,98,77%,1103,11.3,44,5,4,21,5.2,9,1,2
2022,TB,15,222.8,14.9,72%,142,104,73%,1023,9.8,44,3,3,5,1.7,2,0,2
2013,BUF,12,62.6,5.2,27%,32,17,53%,283,16.6,59,3,3,13,4.3,17,0,1
2014,BUF,10,6,0.6,8%,9,1,11%,42,42,42,0,3,8,2.7,12,0,1
2015,BUF,2,4.4,2.2,7%,2,2,100%,24,12,14,0,0,0,0,0,0,0
2016,BUF,15,90.1,6,60%,68,29,43%,431,14.9,84,3,0,0,0,0,0,0
2017,SF,16,168.6,10.5,70%,105,56,53%,962,17.2,83,2,4,44,11,18,0,0
2018,SF,11,87.4,7.9,49%,43,23,53%,395,17.2,67,4,4,9,2.2,5,0,1
2019,SF,9,38.1,4.2,28%,21,12,57%,186,15.5,38,1,1,15,15,15,0,0
2020,PHI,0,-,0,-,-,-,-,-,-,-,-,-,-,-,-,-,-
2021,CHI,14,57.2,4.1,35%,40,20,50%,313,15.6,50,1,2,-1,-0.5,1,0,0
2022,SEA,13,90.2,6.9,44%,42,27,64%,387,14.3,38,4,2,5,2.5,7,0,0
2016,MIA,16,-1.9,0,2%,1,0,0%,0,0,0,0,1,1,1,1,0,4
2017,MIA,16,44.5,2.8,13%,22,13,59%,203,15.6,65,2,3,12,4,7,0,2
2018,MIA,10,60.3,6,31%,34,21,62%,268,12.8,52,2,1,5,5,5,0,0
2019,MIA,10,39.9,4,26%,32,19,59%,164,8.6,18,0,4,5,1.2,7,1,2
2020,MIA,14,81.3,5.8,35%,54,36,67%,373,10.4,30,1,3,20,6.7,29,0,2
2021,CHI,15,33.5,2.2,14%,17,11,65%,132,12,46,2,5,33,6.6,13,0,3
2022,SF,13,2.9,0.2,8%,7,1,14%,10,10,10,0,1,9,9,9,0,0
2019,LAC,3,0,0,6%,2,0,0%,0,0,0,0,0,0,0,0,0,0
2020,LAC,16,97.1,6.1,78%,55,28,51%,511,18.2,72,3,2,0,0,4,0,0
2021,LAC,16,97.2,6.1,51%,48,31,65%,448,14.5,59,3,7,34,4.9,21,0,1
2022,LAC,3,8.4,2.8,14%,4,2,50%,64,32,54,0,0,0,0,0,0,0
2019,KC,16,113.5,7.1,45%,41,26,63%,538,20.7,83,6,4,17,4.2,9,0,2
2020,KC,16,122.1,7.6,45%,62,41,66%,560,13.7,49,4,4,31,7.8,20,0,2
2021,KC,17,140.9,8.3,52%,83,59,71%,693,11.7,53,2,8,46,5.8,24,0,3
2022,KC,8,93.8,11.7,44%,34,25,74%,297,11.9,36,4,4,31,7.8,25,2,1
2019,NE,7,39.4,5.6,39%,24,12,50%,105,8.8,18,2,5,49,9.8,18,0,0
2020,NE,14,73.9,5.3,58%,57,33,58%,309,9.4,30,2,2,0,0,2,0,1
2021,NE,12,28.4,2.4,36%,22,12,55%,184,15.3,43,0,0,0,0,0,0,1
2022,CHI,7,24.6,3.5,23%,9,7,78%,116,16.6,49,1,0,0,0,0,0,0
2019,IND,0,-,0,-,-,-,-,-,-,-,-,-,-,-,-,-,-
2020,SEA,13,3.2,0.2,6%,1,1,100%,3,3,3,0,1,19,19,19,0,0
2021,SEA,17,12.9,0.8,14%,12,7,58%,59,8.4,16,0,0,0,0,0,0,0
2022,SEA,9,5,0.6,3%,4,3,75%,20,6.7,15,0,0,0,0,0,0,0
2019,NO,14,9.5,0.7,6%,6,6,100%,24,4,13,0,4,31,7.8,10,0,3
2020,NO,9,47.7,5.3,19%,25,20,80%,186,9.3,40,1,6,51,8.5,23,0,3
2021,NO,13,113.1,8.7,31%,59,36,61%,570,15.8,72,3,5,41,8.2,22,0,2
2022,NO,4,1.3,0.3,7%,2,2,100%,13,6.5,9,0,0,0,0,0,0,2
2020,CIN,16,194.6,12.2,75%,108,67,62%,908,13.6,67,6,5,28,5.6,13,0,1
2021,CIN,14,219.1,15.7,65%,110,74,67%,1091,14.7,54,6,0,0,0,0,0,1
2022,CIN,16,220.9,13.8,68%,109,74,68%,1029,13.9,59,7,0,0,0,0,0,0
2020,PHI,13,28.8,2.2,31%,29,10,34%,167,16.7,59,0,1,1,1,1,0,0
2021,PHI,1,0,0,2%,0,0,0%,0,0,0,0,0,0,0,0,0,1
2016,KC,16,199,12.4,41%,83,61,73%,593,9.7,49,6,24,267,11.1,70,3,4
2017,KC,15,239.2,15.9,75%,105,75,71%,1183,15.8,79,7,17,59,3.5,16,0,2
2018,KC,16,328,20.5,87%,137,87,64%,1479,17,75,12,22,151,6.9,33,1,0
2019,KC,12,188.3,15.7,53%,89,58,65%,860,14.8,57,7,8,23,2.9,5,0,0
2020,KC,15,328.9,21.9,82%,135,87,64%,1276,14.7,75,15,13,123,9.5,32,2,1
2021,KC,17,296.5,17.4,73%,159,111,70%,1239,11.2,75,9,9,96,10.7,33,0,2
2022,MIA,17,347.2,20.4,76%,170,119,70%,1710,14.4,64,7,7,32,4.6,10,2,1
2020,DEN,1,-2.8,0,56%,0,0,0%,0,0,0,0,2,7,3.5,5,0,0
2021,DEN,16,38.5,2.4,25%,23,15,65%,175,11.7,40,1,0,0,0,0,0,0
2022,DEN,12,56.4,4.7,46%,33,24,73%,311,13,35,0,2,13,6.5,13,0,0
2018,LAR,13,3.7,0.3,9%,3,2,67%,17,8.5,14,0,0,0,0,0,0,0
2019,CLE,16,11.6,0.7,12%,10,4,40%,76,19,41,0,0,0,0,0,0,0
2020,CLE,9,29,3.2,33%,17,11,65%,180,16.4,42,0,0,0,0,0,0,0
2021,DET,16,30.7,1.9,22%,27,13,48%,157,12.1,42,0,0,0,0,0,0,0
2022,ATL,17,41.2,2.4,19%,20,13,65%,202,15.5,39,1,0,0,0,0,0,0
2021,BUF,1,0,0,5%,0,0,0%,0,0,0,0,0,0,0,0,0,0
2022,NYG,10,100.2,10,55%,48,37,77%,392,10.6,29,4,0,0,0,0,0,1
2017,PHI,16,44.6,2.8,25%,22,16,73%,226,14.1,64,1,0,0,0,0,0,0
2019,MIA,16,22.5,1.4,36%,23,10,43%,125,12.5,20,0,0,0,0,0,0,0
2020,MIA,16,37.6,2.4,27%,25,16,64%,176,11,34,1,0,0,0,0,0,1
2021,MIA,17,60.3,3.5,29%,28,14,50%,223,15.9,65,4,0,0,0,0,0,0
2022,LV,17,154.2,9.1,93%,94,57,61%,690,12.1,60,4,4,40,10,17,0,0
2013,HOU,16,142.2,8.9,89%,91,52,57%,802,15.4,66,2,0,0,0,0,0,1
2014,HOU,16,231,14.4,95%,127,76,60%,1210,15.9,76,6,0,0,0,0,0,2
2015,HOU,16,331.1,20.7,97%,192,111,58%,1521,13.7,61,11,0,0,0,0,0,1
2016,HOU,16,197.4,12.3,97%,151,78,52%,954,12.2,51,4,0,0,0,0,0,0
2017,HOU,15,309.8,20.7,93%,174,96,55%,1378,14.4,72,13,0,0,0,0,0,1
2018,HOU,16,333.5,20.8,99%,163,115,71%,1572,13.7,49,11,1,-7,-7,0,0,2
2019,HOU,15,268.5,17.9,91%,150,104,69%,1165,11.2,43,7,2,18,9,12,0,0
2020,ARI,16,287.8,18,92%,160,115,72%,1407,12.2,60,6,1,1,1,1,0,3
2021,ARI,10,147.2,14.7,64%,64,42,66%,572,13.6,55,8,0,0,0,0,0,0
2022,ARI,9,151.7,16.9,74%,96,64,67%,717,11.2,33,3,0,0,0,0,0,2
2022,DAL,2,3.6,1.8,46%,6,2,33%,16,8,11,0,0,0,NaN,0,0,0
2019,NO,5,0,0,11%,1,0,0%,0,0,0,0,0,0,0,0,0,0
2020,NO,3,13.6,4.5,34%,5,3,60%,46,15.3,17,1,0,0,0,0,0,0
2021,NO,10,49.9,5,20%,18,13,72%,249,19.2,56,2,0,0,0,0,0,0
2022,NE,6,4,0.7,34%,4,2,50%,20,10,11,0,0,0,0,0,0,0
2019,CIN,1,0,0,13%,0,0,0%,0,0,0,0,0,0,0,0,0,0
2020,CIN,1,1.5,1.5,7%,2,1,50%,5,5,5,0,0,0,0,0,0,0
2021,CIN,7,5.4,0.8,8%,5,2,40%,34,17,25,0,0,0,0,0,0,0
2022,CIN,9,63.2,7,47%,23,15,65%,231,15.4,45,4,1,11,11,11,0,0
2019,ARI,15,35.4,2.4,16%,13,9,69%,189,21,88,1,4,15,3.8,6,0,0
2020,ARI,13,54.8,4.2,27%,35,21,60%,224,10.7,54,2,1,-6,-6,0,0,1
2021,ARI,8,2.3,0.3,3%,1,1,100%,13,13,13,0,0,0,0,0,0,0
2022,BAL,5,4.2,0.8,18%,5,2,40%,21,10.5,11,0,1,1,1,1,0,0
2020,LAR,0,-,0,-,-,-,-,-,-,-,-,-,-,-,-,-,-
2021,MIN,0,-,0,-,-,-,-,-,-,-,-,-,-,-,-,-,-
2018,SF,13,26,2,22%,14,9,64%,130,14.4,53,1,0,0,0,0,0,2
2019,SF,16,26.4,1.6,19%,10,6,60%,165,27.5,57,1,2,-1,-0.5,0,0,1
2020,SF,10,64.4,6.4,48%,35,23,66%,394,17.1,47,1,0,0,0,0,0,2
2022,NYG,17,132.5,7.8,46%,70,57,81%,569,10,33,4,2,6,3,4,0,3
2020,MIN,16,274.2,17.1,82%,125,88,70%,1400,15.9,71,7,1,2,2,2,0,1
2021,MIN,17,330.4,19.4,89%,167,108,65%,1616,15,56,10,6,14,2.3,11,0,1
2022,MIN,17,368.7,21.7,92%,184,128,70%,1809,14.1,64,8,4,24,6,10,1,0
2020,LAR,16,46.9,2.9,23%,31,19,61%,220,11.6,31,1,1,-1,-1,0,0,1
2021,LAR,17,168.2,9.9,80%,89,50,56%,802,16,79,6,2,20,10,10,0,0
2022,LAR,11,78.9,7.2,65%,44,24,55%,369,15.4,39,3,0,0,0,0,0,0
2019,MIA,1,0,0,0%,0,0,0%,0,NaN,0,0,0,0,NaN,0,0,0
2021,SF,16,82.2,5.1,31%,38,24,63%,282,11.8,34,5,0,0,0,0,0,1
2022,SF,16,82.6,5.2,44%,56,35,63%,416,11.9,44,1,0,0,0,0,0,1
2020,DEN,16,157.6,9.8,75%,113,52,46%,856,16.5,92,3,0,0,0,0,0,2
2021,DEN,10,85,8.5,59%,56,38,68%,467,12.3,40,0,2,3,1.5,3,0,1
2022,DEN,15,204.2,13.6,63%,100,67,67%,972,14.5,67,6,4,40,10,14,0,0
2022,DEN,7,14.2,2,39%,14,6,43%,42,7,12,1,0,0,NaN,0,0,1
2022,SEA,3,4.1,1.4,27%,4,2,50%,21,10.5,11,0,0,0,NaN,0,0,0
2020,JAX,14,59.2,4.2,24%,31,18,58%,272,15.1,46,2,0,0,0,0,0,0
2021,NYG,12,21.5,1.8,20%,21,11,52%,105,9.5,16,0,0,0,0,0,0,0
2019,PIT,16,157.1,9.8,66%,92,59,64%,680,11.5,45,5,4,41,10.2,17,0,5
2020,PIT,15,221.8,14.8,67%,144,88,61%,923,10.5,47,7,3,15,5,9,0,2
2021,PIT,16,274.4,17.1,84%,169,107,63%,1161,10.9,50,8,5,53,10.6,25,0,2
2022,PIT,17,180.7,10.6,90%,147,86,59%,882,10.3,37,0,7,25,3.6,8,0,1
2022,HOU,1,0,0,14%,0,0,0%,0,NaN,0,0,0,0,NaN,0,0,0
2019,ARI,10,46,4.6,35%,42,21,50%,187,8.9,31,1,1,3,3,3,0,1
2020,ARI,8,32.3,4,19%,23,15,65%,173,11.5,45,0,0,0,0,0,0,0
2020,TB,14,40.9,2.9,25%,18,12,67%,169,14.1,35,2,0,0,0,0,0,0
2021,TB,17,72,4.2,52%,55,36,65%,360,10,31,0,0,0,0,0,0,0
2022,HOU,2,0,0,8%,0,0,0%,0,0,0,0,0,0,0,0,0,0
2020,LAC,12,79.5,6.6,28%,26,20,77%,398,19.9,55,3,3,17,5.7,7,0,0
2021,LV,10,3.6,0.4,7%,5,2,40%,16,8,10,0,0,0,0,0,0,0
2022,HOU,4,1.8,0.5,8%,1,1,100%,8,8,8,0,0,0,0,0,0,0
2012,CIN,11,48.8,4.4,34%,32,18,56%,201,11.2,23,1,3,47,15.7,37,0,0
2013,CIN,16,188.7,11.8,48%,80,51,64%,712,14,45,10,8,65,8.1,34,0,0
2014,CIN,0,-,0,-,-,-,-,-,-,-,-,-,-,-,-,-,-
2015,CIN,16,173.9,10.9,85%,103,65,63%,816,12.6,47,4,5,33,6.6,30,0,0
2016,DET,15,172.3,11.5,85%,103,55,53%,930,16.9,73,4,1,3,3,3,0,0
2017,DET,16,225.1,14.1,96%,107,61,57%,1101,18,58,9,0,0,0,0,0,0
2018,DET,9,115.8,12.9,73%,62,35,56%,508,14.5,39,5,0,0,0,0,0,0
2019,DET,13,193.9,14.9,90%,92,62,67%,779,12.6,47,9,2,0,0,4,0,0
2020,DET,16,227.8,14.2,90%,115,76,66%,978,12.9,43,9,0,0,0,0,0,0
2021,JAX,17,180.2,10.6,90%,120,73,61%,832,11.4,33,4,0,0,0,0,0,0
2022,JAX,16,116.9,7.3,62%,81,46,57%,529,11.5,37,3,0,0,0,0,0,0
2022,JAX,17,6,0.4,13%,4,3,75%,30,10,20,0,0,0,NaN,0,0,0
2022,CHI,12,34,2.8,15%,14,7,50%,107,15.3,44,1,9,103,11.4,42,1,4
2017,BUF,15,70.6,4.7,75%,74,27,36%,316,11.7,33,2,0,0,0,0,0,0
2018,BUF,16,165.2,10.3,89%,102,56,55%,652,11.6,57,7,1,0,0,0,0,1
2019,LV,15,48.9,3.3,59%,45,27,60%,216,8,23,0,1,3,3,3,0,0
2020,LV,16,36.6,2.3,27%,20,14,70%,154,11,37,1,0,0,0,0,0,0
2021,LV,17,105.9,6.2,56%,70,47,67%,546,11.6,43,1,2,3,1.5,4,0,1
2022,JAX,16,198.1,12.4,83%,121,82,68%,823,10,59,5,4,18,4.5,14,0,0
2017,KC,1,0,0,15%,0,0,0%,0,0,0,0,0,0,0,0,0,0
2018,KC,16,1.7,0.1,3%,2,1,50%,7,7,7,0,0,0,0,0,0,0
2019,KC,0,-,0,-,-,-,-,-,-,-,-,-,-,-,-,-,-
2020,MIA,10,2.1,0.2,5%,1,1,100%,11,11,11,0,0,0,0,0,0,0
2021,KC,16,4.4,0.3,6%,5,2,40%,24,12,16,0,0,0,0,0,0,0
2022,KC,3,0,0,4%,0,0,0%,0,0,0,0,0,0,0,0,0,0
2021,TEN,1,0,0,4%,0,0,0%,0,0,0,0,0,0,0,0,0,0
2022,TEN,2,1.3,0.7,11%,1,1,100%,3,3,3,0,0,0,0,0,0,1
2018,ARI,12,123.5,10.3,79%,68,43,63%,590,13.7,75,3,3,35,11.7,23,0,0
2019,ARI,13,168.2,12.9,75%,107,68,64%,709,10.4,69,3,10,93,9.3,28,0,0
2020,ARI,14,146.4,10.5,69%,79,48,61%,621,12.9,80,6,2,3,1.5,3,0,1
2021,ARI,17,207.6,12.2,76%,103,77,75%,982,12.8,50,5,1,11,11,11,0,0
2022,JAX,17,241.9,14.2,88%,133,84,63%,1108,13.2,49,8,5,11,2.2,5,0,1
2018,NO,8,45.9,5.7,44%,21,13,62%,209,16.1,42,2,0,0,0,0,0,0
2019,NO,1,0,0,9%,0,0,0%,0,0,0,0,0,0,0,0,0,0
2020,CAR,1,2.3,2.3,51%,2,1,50%,13,13,13,0,0,0,0,0,0,0
2021,CAR,3,4.7,1.6,35%,7,3,43%,17,5.7,7,0,0,0,0,0,0,0
2022,NO,5,3.8,0.8,46%,4,2,50%,18,9,14,0,0,0,0,0,0,0
2017,LAR,15,176.9,11.8,71%,94,62,66%,869,14,64,5,0,0,0,0,0,1
2018,LAR,8,135.1,16.9,72%,56,40,71%,566,14.2,70,6,4,25,6.2,12,0,0
2019,LAR,16,270.5,16.9,80%,134,94,70%,1161,12.4,66,10,2,4,2,6,0,3
2020,LAR,15,208.7,13.9,75%,124,92,74%,974,10.6,55,3,4,33,8.2,16,0,1
2021,LAR,17,439.5,25.9,94%,191,145,76%,1947,13.4,59,16,4,18,4.5,18,0,0
2022,LAR,9,201.4,22.4,95%,98,75,77%,812,10.8,75,6,9,52,5.8,20,1,2
2018,DET,1,0,0,48%,1,0,0%,0,0,0,0,0,0,0,0,0,0
2019,DET,5,9,1.8,38%,10,3,30%,60,20,48,0,0,0,0,0,0,0
2022,LV,0,-,0,-,-,-,-,-,-,-,-,-,-,-,-,-,-
2020,DAL,16,211.7,13.2,64%,111,74,67%,935,12.6,52,5,10,82,8.2,19,1,2
2021,DAL,16,232.8,14.6,72%,120,79,66%,1102,13.9,49,6,9,76,8.4,33,0,0
2022,DAL,17,301.6,17.7,87%,156,107,69%,1359,12.7,39,9,10,47,4.7,14,0,0
2022,CIN,1,0,0,11%,0,0,0%,0,NaN,0,0,0,0,NaN,0,0,0
2018,GB,1,1.7,1.7,2%,1,1,100%,7,7,7,0,0,0,0,0,0,0
2019,GB,12,102.8,8.6,57%,52,35,67%,477,13.6,43,3,1,21,21,21,0,0
2020,GB,10,97.8,9.8,73%,46,33,72%,451,13.7,72,3,2,17,8.5,19,0,0
2021,GB,15,142.5,9.5,64%,60,40,67%,513,12.8,42,8,3,32,10.7,14,0,0
2022,GB,15,174.8,11.7,79%,100,60,60%,788,13.1,47,6,2,0,0,1,0,0
2015,SEA,16,153.4,9.6,61%,69,51,74%,664,13,49,6,5,20,4,8,0,3
2016,SEA,15,124.1,8.3,52%,66,41,62%,597,14.6,57,1,6,114,19,75,1,0
2017,SEA,16,118.3,7.4,65%,71,45,63%,555,12.3,74,2,10,58,5.8,22,0,0
2018,SEA,16,222.4,13.9,85%,71,57,80%,965,16.9,52,10,13,69,5.3,18,0,2
2019,SEA,16,235.2,14.7,90%,110,82,75%,1057,12.9,44,8,4,-5,-1.2,3,0,1
2020,SEA,16,265.4,16.6,89%,132,100,76%,1054,10.5,47,10,0,0,0,0,0,1
2021,SEA,16,241.4,15.1,82%,107,73,68%,1175,16.1,69,8,2,9,4.5,7,0,0
2022,SEA,16,237.3,14.8,73%,117,84,72%,1033,12.3,40,9,0,0,0,0,0,2
2022,ATL,17,178.6,10.5,78%,117,72,62%,866,12,40,4,0,0,NaN,0,0,3
2021,CAR,13,32.8,2.5,39%,30,17,57%,138,8.1,23,0,0,0,0,0,0,0
2022,CAR,14,83,5.9,63%,47,28,60%,490,17.5,43,1,0,0,0,0,0,2
2022,SF,2,0,0,1%,0,0,0%,0,NaN,0,0,0,0,NaN,0,0,0
2018,BUF,10,7,0.7,14%,6,5,83%,36,7.2,16,0,2,4,2,7,0,2
2019,CAR,6,-2,0,0%,0,0,0%,0,0,0,0,0,0,0,0,0,3
2020,PIT,16,32.2,2,15%,22,20,91%,77,3.8,13,0,4,65,16.2,58,0,2
2021,PIT,16,66.2,4.1,46%,66,39,59%,277,7.1,24,0,2,15,7.5,10,0,4
2022,SF,17,58.1,3.4,26%,25,14,56%,243,17.4,42,1,4,78,19.5,71,1,2
2022,LAR,10,0,0,5%,5,0,0%,0,NaN,0,0,0,0,NaN,0,0,0
2022,WAS,2,0,0,7%,0,0,0%,0,NaN,0,0,0,0,NaN,0,0,0
2017,DEN,11,3.3,0.3,12%,13,4,31%,29,7.2,14,0,1,4,4,4,0,6
2018,BUF,8,52.5,6.6,41%,30,18,60%,179,9.9,23,0,10,66,6.6,15,2,2
2019,BUF,14,63.3,4.5,44%,39,27,69%,254,9.4,46,1,8,49,6.1,16,0,0
2020,BUF,16,93.6,5.8,25%,34,30,88%,282,9.4,46,5,10,9,0.9,14,0,0
2021,BUF,15,52.5,3.5,21%,26,20,77%,178,8.9,28,1,9,47,5.2,10,1,2
2022,BUF,15,119.8,8,51%,65,42,65%,423,10.1,30,4,9,55,6.1,18,1,0
2019,WAS,14,191.9,13.7,82%,93,58,62%,919,15.8,75,7,0,0,0,0,0,0
2020,WAS,15,223.8,14.9,87%,134,87,65%,1118,12.9,68,4,2,30,15,27,0,1
2021,WAS,17,213.5,12.6,90%,130,77,59%,1053,13.7,46,5,1,12,12,12,0,0
2022,WAS,17,229,13.5,89%,120,77,64%,1191,15.5,52,5,7,29,4.1,12,0,1
2021,TEN,9,0.8,0.1,16%,6,2,33%,8,4,9,0,0,0,0,0,0,1
2022,TEN,5,6.4,1.3,19%,8,2,25%,40,20,39,0,1,4,4,4,0,0
2022,GB,0,-,0,-,-,-,-,-,-,-,-,-,-,-,-,-,-
2020,MIA,1,0,0,1%,0,0,0%,0,0,0,0,0,0,0,0,0,0
2021,MIA,2,2.3,1.1,5%,3,1,33%,13,13,13,0,0,0,0,0,0,0
2022,NO,4,0,0,10%,0,0,0%,0,0,0,0,0,0,0,0,0,0
2019,SEA,16,187.1,11.7,84%,100,58,58%,900,15.5,54,7,2,11,5.5,7,0,3
2020,SEA,16,271.3,17,92%,129,83,64%,1303,15.7,62,10,0,0,0,0,0,1
2021,SEA,17,244.3,14.4,83%,129,75,58%,967,12.9,84,12,1,6,6,6,0,1
2022,SEA,17,226.8,13.3,82%,141,90,64%,1048,11.6,54,6,0,0,0,0,0,2
2022,HOU,0,-,0,-,-,-,-,-,-,-,-,-,-,-,-,-,-
2019,NE,15,61.9,4.1,36%,41,26,63%,359,13.8,35,0,0,0,0,0,0,0
2020,NE,14,142.5,10.2,66%,81,59,73%,729,12.4,35,0,2,9,4.5,7,0,1
2021,NE,17,186.3,11,84%,126,83,66%,866,10.4,39,2,1,9,9,9,0,1
2022,NE,14,180.3,12.9,66%,96,67,70%,804,12,48,6,2,-11,-5.5,7,0,2
2017,JAX,10,21.7,2.2,15%,11,6,55%,77,12.8,41,2,0,0,0,0,0,4
2018,JAX,6,0,0,1%,0,0,0%,0,0,0,0,0,0,0,0,0,1
2019,TB,1,0,0,51%,0,0,0%,0,0,0,0,0,0,0,0,0,0
2020,TB,10,12.8,1.3,9%,10,7,70%,58,8.3,11,0,0,0,0,0,0,0
2021,JAX,11,3,0.3,3%,3,2,67%,10,5,12,0,0,0,0,0,0,1
2019,TB,10,40.6,4.1,17%,26,13,50%,200,15.4,48,1,2,16,8,18,0,0
2020,TB,16,102.5,6.4,41%,53,33,62%,501,15.2,48,3,3,14,4.7,7,0,0
2021,TB,9,19.1,2.1,19%,9,5,56%,38,7.6,13,0,2,43,21.5,33,1,0
2022,TB,15,42.3,2.8,21%,40,23,57%,185,8,23,0,1,8,8,8,0,0
2021,WAS,13,15.4,1.2,14%,14,9,64%,83,9.2,22,0,1,1,1,1,0,1
2022,WAS,15,15.7,1,7%,7,6,86%,37,6.2,12,1,0,0,0,0,0,1
2020,NYJ,9,60.7,6.7,68%,45,23,51%,357,15.5,30,0,0,0,0,0,0,0
2021,NYJ,11,21.3,1.9,25%,23,8,35%,133,16.6,40,0,0,0,0,0,0,0
2022,NYJ,10,29.6,3,24%,25,11,44%,186,16.9,63,0,0,0,0,0,0,0
2015,GB,6,42,7,24%,19,15,79%,136,9.1,31,2,3,14,4.7,9,0,0
2016,GB,15,140.5,9.4,36%,56,44,79%,348,7.9,24,0,77,457,5.9,61,3,2
2017,GB,8,91.6,11.4,39%,31,23,74%,173,7.5,23,1,71,273,3.8,37,3,0
2018,BAL,13,71.3,5.5,25%,40,25,63%,235,9.4,43,0,41,188,4.6,16,1,2
2019,NYJ,16,32.3,2,14%,17,13,76%,90,6.9,21,0,32,103,3.2,15,0,0
2020,NO,6,15.8,2.6,10%,6,3,50%,27,9,17,0,19,101,5.3,36,0,0
2021,NO,14,29.9,2.1,28%,26,16,62%,95,5.9,21,0,15,44,2.9,9,0,0
2022,NE,1,10.3,10.3,37%,4,3,75%,15,5,7,1,2,-2,-1,0,0,0
2020,CHI,16,152.1,9.5,73%,98,61,62%,631,10.3,53,4,4,20,5,16,0,1
2021,CHI,17,219.7,12.9,88%,140,81,58%,1055,13,64,4,6,32,5.3,15,1,0
2022,CHI,12,101.5,8.5,83%,61,40,66%,493,12.3,56,2,1,2,2,2,0,0
2016,BAL,15,13.5,0.9,14%,16,7,44%,46,6.6,13,0,3,19,6.3,10,0,1
2017,BAL,13,59.9,4.6,35%,38,18,47%,248,13.8,30,3,2,-9,-4.5,0,0,0
2018,BAL,16,46.3,2.9,39%,25,19,76%,196,10.3,30,1,5,17,3.4,9,0,0
2019,BAL,14,5.1,0.4,14%,5,3,60%,21,7,13,0,1,0,0,0,0,0
2020,BAL,3,0,0,2%,0,0,0%,0,0,0,0,0,0,0,0,0,0
2021,HOU,12,55.7,4.6,27%,22,21,95%,227,10.8,67,2,0,0,0,0,0,0
2022,HOU,16,115.1,7.2,64%,74,48,65%,548,11.4,52,2,3,3,1,3,0,0
2018,CAR,16,157,9.8,69%,82,55,67%,788,14.3,82,2,13,172,13.2,32,0,4
2019,CAR,15,230.5,15.4,82%,135,87,64%,1175,13.5,52,4,6,40,6.7,13,0,2
2020,CAR,15,211.5,14.1,81%,118,66,56%,1193,18.1,74,4,2,22,11,21,0,0
2021,CAR,17,237.5,14,86%,163,93,57%,1157,12.4,64,4,8,48,6,14,0,1
2022,CAR,17,199.1,11.7,96%,118,63,53%,888,14.1,62,7,10,53,5.3,11,0,0
2017,SEA,1,0,0,2%,0,0,0%,0,0,0,0,0,0,0,0,0,0
2018,SEA,16,101,6.3,58%,53,26,49%,445,17.1,54,5,1,5,5,5,0,2
2019,SEA,14,59.6,4.3,28%,34,17,50%,301,17.7,60,2,3,25,8.3,19,0,2
2020,SEA,16,118.8,7.4,45%,47,35,74%,417,11.9,57,6,8,61,7.6,15,0,1
2021,GB,3,0,0,7%,2,0,0%,0,0,0,0,0,0,0,0,0,0
2021,NYJ,11,138.2,12.6,46%,77,43,56%,538,12.5,62,5,5,54,10.8,19,1,0
2022,NYJ,16,88.1,5.5,66%,65,37,57%,446,12.1,42,1,5,5,1,10,0,1
2021,BAL,0,-,0,-,-,-,-,-,-,-,-,-,-,-,-,-,-
2021,ARI,14,109.1,7.8,37%,65,54,83%,435,8.1,77,1,18,76,4.2,26,0,3
2022,ARI,8,87.9,11,49%,56,41,73%,414,10.1,38,1,6,-5,-0.8,9,0,0
2022,KC,16,43.4,2.7,27%,33,22,67%,250,11.4,30,0,3,24,8,12,0,3
2019,CIN,11,4.8,0.4,14%,10,3,30%,18,6,9,0,0,0,0,0,0,0
2020,CIN,6,0,0,4%,0,0,0%,0,0,0,0,0,0,0,0,0,0
2021,CIN,17,3.4,0.2,12%,4,2,50%,11,5.5,8,0,1,3,3,3,0,0
2022,CIN,14,0,0,7%,1,0,0%,0,0,0,0,0,0,0,0,0,0
2022,MIN,15,32.9,2.2,5%,13,9,69%,179,19.9,47,1,0,0,NaN,0,0,0
2021,CHI,3,4.3,1.4,45%,5,2,40%,23,11.5,13,0,0,0,NaN,0,0,0
2022,NO,15,198.2,13.2,58%,119,72,61%,1042,14.5,53,4,0,0,NaN,0,0,2
2019,NE,8,3.4,0.4,11%,4,2,50%,34,17,29,0,0,0,0,0,0,1
2020,NE,13,19.5,1.5,13%,5,5,100%,62,12.4,38,1,5,23,4.6,12,0,1
2021,NE,16,6,0.4,6%,3,2,67%,31,15.5,22,0,1,9,9,9,0,3
2022,PIT,16,12.2,0.8,19%,7,5,71%,53,10.6,31,0,8,39,4.9,18,0,3
2020,MIN,9,0,0,0%,0,0,0%,0,0,0,0,0,0,0,0,0,2
2021,MIN,17,158.5,9.3,68%,82,50,61%,655,13.1,64,7,1,10,10,10,0,0
2022,MIN,17,155.6,9.2,75%,90,60,67%,650,10.8,66,5,3,6,2,5,0,1
2021,LAC,17,92.9,5.5,38%,49,33,67%,353,10.7,36,4,1,6,6,6,0,0
2022,LAC,16,169.3,10.6,75%,107,72,67%,769,10.7,50,3,1,4,4,4,0,1
2015,MIA,15,97.9,6.5,46%,51,27,53%,529,19.6,49,3,0,0,0,0,0,0
2016,MIA,15,154.4,10.3,78%,88,56,64%,744,13.3,56,4,0,0,0,0,0,0
2017,MIA,13,130,10,65%,96,57,59%,670,11.8,36,1,0,0,0,0,0,1
2018,MIA,11,60.9,5.5,60%,47,24,51%,309,12.9,46,1,0,0,0,0,0,0
2019,MIA,16,246.2,15.4,84%,128,72,56%,1202,16.7,51,9,0,0,0,0,0,0
2020,MIA,14,166.3,11.9,68%,103,63,61%,793,12.6,31,4,0,0,0,0,0,1
2021,MIA,10,103.5,10.3,62%,73,40,55%,515,12.9,42,2,0,0,0,0,0,0
2022,NE,13,102.9,7.9,52%,47,31,66%,539,17.4,43,3,0,0,0,0,0,0
2018,IND,16,66.8,4.2,46%,46,27,59%,268,9.9,28,2,2,10,5,8,0,0
2019,IND,16,135.3,8.5,74%,72,41,57%,607,14.8,37,5,2,16,8,12,0,0
2020,IND,16,136.9,8.6,76%,71,44,62%,629,14.3,42,5,0,0,0,0,0,0
2021,IND,16,94.5,5.9,78%,69,38,55%,384,10.1,41,3,2,21,10.5,12,0,1
2022,PHI,17,36,2.1,29%,19,15,79%,150,10,34,1,1,0,0,0,0,0
2020,IND,1,0,0,0%,0,0,0%,0,0,0,0,0,0,0,0,0,0
2021,IND,8,10.1,1.3,11%,4,2,50%,21,10.5,14,1,0,0,0,0,0,0
2022,IND,1,4.4,4.4,7%,6,2,33%,24,12,17,0,0,0,0,0,0,0
2018,DEN,16,60.2,3.8,37%,41,23,56%,315,13.7,26,1,3,17,5.7,13,0,2
2019,DEN,8,37.8,4.7,58%,31,16,52%,218,13.6,38,0,0,0,0,0,0,0
2020,DEN,15,161.2,10.7,70%,79,51,65%,742,14.5,61,6,0,0,0,0,0,0
2021,DEN,16,156.4,9.8,79%,85,53,62%,734,13.8,44,5,0,0,0,0,0,0
2020,CLE,12,58.4,4.9,25%,20,14,70%,304,21.7,75,2,0,0,0,0,0,0
2021,CLE,14,109.7,7.8,63%,58,34,59%,597,17.6,60,3,0,0,0,0,0,2
2022,CLE,17,161.1,9.5,90%,96,61,64%,839,13.8,42,3,1,2,2,2,0,1
2015,BAL,0,-,0,-,-,-,-,-,-,-,-,-,-,-,-,-,-
2016,BAL,16,101.1,6.3,43%,66,33,50%,499,15.1,53,3,1,2,2,2,0,0
2017,BAL,11,17.7,1.6,36%,35,10,29%,77,7.7,14,0,0,0,0,0,0,0
2018,CLE,10,62.2,6.2,35%,25,16,64%,340,21.2,66,2,4,2,0.5,7,0,0
2019,TB,14,138.1,9.9,56%,70,36,51%,645,17.9,44,6,2,16,8,13,0,0
2020,NYJ,12,99.1,8.3,66%,60,30,50%,505,16.8,53,3,1,6,6,6,0,0
2021,TB,6,33.4,5.6,15%,18,11,61%,167,15.2,58,1,1,-3,-3,0,0,0
2022,TB,11,23.3,2.1,19%,19,9,47%,110,12.2,28,1,2,-7,-3.5,0,0,2
2018,SF,12,103.5,8.6,54%,45,27,60%,467,17.3,75,5,1,-2,-2,0,0,2
2019,SF,11,34.5,3.1,29%,24,11,46%,109,9.9,21,2,0,0,0,0,0,0
2020,NYG,7,15.6,2.2,11%,6,4,67%,76,19,33,1,0,0,0,0,0,1
2021,NYG,3,25.3,8.4,40%,16,10,63%,87,8.7,27,1,0,0,0,0,0,1
2022,CHI,17,65.2,3.8,51%,41,19,46%,245,12.9,51,3,2,37,18.5,29,0,1
2022,TEN,4,11.8,3,18%,13,8,62%,78,9.8,21,0,0,0,NaN,0,0,2
2022,PIT,17,166.5,9.8,76%,84,52,62%,801,15.4,42,4,3,24,8,22,1,0
2022,IND,16,112.3,7,63%,78,41,53%,593,14.5,47,2,0,0,NaN,0,0,1
2020,IND,13,98.9,7.6,78%,61,40,66%,503,12.6,45,1,3,26,8.7,21,0,0
2021,IND,17,238.6,14,88%,129,88,68%,1082,12.3,57,6,5,44,8.8,25,0,1
2022,IND,16,216.5,13.5,93%,141,99,70%,925,9.3,28,4,3,30,10,19,0,2
2018,DET,6,24.3,4,15%,17,11,65%,129,11.7,41,0,1,4,4,4,0,0
2019,ATL,0,-,0,-,-,-,-,-,-,-,-,-,-,-,-,-,-
2020,ATL,15,29.6,2,16%,18,12,67%,69,5.8,13,2,2,7,3.5,4,0,2
2021,LAR,6,0,0,1%,0,0,0%,0,0,0,0,0,0,0,0,0,0
2022,LAR,17,47.6,2.8,28%,32,24,75%,156,6.5,16,0,17,80,4.7,20,0,1
2022,KC,3,0,0,2%,0,0,0%,0,NaN,0,0,0,0,NaN,0,0,0
2019,KC,16,35,2.2,14%,16,12,75%,170,14.2,28,1,0,0,0,0,0,0
2020,KC,13,35,2.7,27%,17,13,76%,160,12.3,37,1,0,0,0,0,0,0
2021,KC,17,126.8,7.5,49%,60,42,70%,568,13.5,40,5,0,0,0,0,0,2
2022,CHI,11,35.5,3.2,46%,16,10,63%,135,13.5,35,2,0,0,0,0,0,0
2020,BAL,14,2.4,0.2,3%,3,1,33%,14,14,14,0,0,0,0,0,0,0
2021,BAL,14,36.2,2.6,17%,20,16,80%,202,12.6,32,0,0,0,0,0,0,0
2022,BAL,15,12.2,0.8,18%,17,8,47%,62,7.8,12,0,0,0,0,0,0,0
2022,JAX,0,-,0,-,-,-,-,-,-,-,-,-,-,-,-,-,-
2018,WAS,3,22.5,7.5,21%,10,9,90%,75,8.3,15,1,1,0,0,0,0,0
2019,WAS,12,51.8,4.3,46%,47,26,55%,198,7.6,19,1,0,0,0,0,0,1
2020,JAX,1,0,0,2%,0,0,0%,0,0,0,0,0,0,0,0,0,0
2016,DEN,4,-2,0,6%,2,0,0%,0,0,0,0,0,0,0,0,0,2
2017,NYG,8,0.1,0,5%,1,1,100%,12,12,12,0,1,-1,-1,0,0,5
2019,TEN,8,29.5,3.7,18%,12,9,75%,170,18.9,52,1,1,-5,-5,0,0,1
2020,TEN,15,27.4,1.8,23%,15,9,60%,187,20.8,61,0,1,-3,-3,0,0,0
2021,DET,16,132.4,8.3,67%,71,48,68%,576,12,75,4,4,28,7,13,0,0
2022,DET,17,110.2,6.5,49%,64,47,73%,616,13.1,56,0,7,36,5.1,12,0,3
2020,PHI,11,81.2,7.4,60%,54,31,57%,396,12.8,55,1,4,26,6.5,19,0,2
2021,PHI,17,78.1,4.6,67%,57,33,58%,299,9.1,34,2,10,32,3.2,12,0,2
2022,MIN,17,26.9,1.6,7%,13,8,62%,104,13,38,1,4,25,6.2,17,0,4
2020,LAC,11,8.9,0.8,3%,1,0,0%,0,NaN,0,0,5,29,5.8,8,1,0
2019,LV,13,133.5,10.3,43%,71,49,69%,605,12.3,65,4,0,0,0,0,0,1
2020,LV,16,131.6,8.2,51%,77,56,73%,656,11.7,53,2,0,0,0,0,0,2
2021,LV,17,259.1,15.2,66%,128,103,80%,1038,10.1,54,9,3,3,1,5,0,5
2022,LV,10,79,7.9,49%,50,36,72%,330,9.2,27,2,0,0,0,0,0,3
2017,LAR,16,27.4,1.7,27%,24,11,46%,104,9.5,28,1,0,0,0,0,0,0
2018,LAR,16,100,6.3,56%,53,29,55%,402,13.9,33,5,2,8,4,10,0,0
2019,LAR,16,61.9,3.9,43%,43,21,49%,326,15.5,31,1,5,23,4.6,12,0,0
2020,LAR,16,124.3,7.8,72%,81,52,64%,618,11.9,40,2,1,5,5,5,0,2
2021,DET,12,80.6,6.7,40%,49,29,59%,396,13.7,39,2,0,0,0,0,0,0
2022,DET,14,103.9,7.4,55%,59,38,64%,479,12.6,31,3,0,0,0,0,0,0
2018,ATL,16,206.8,12.9,61%,92,64,70%,821,12.8,75,10,6,27,4.5,9,0,2
2019,ATL,13,197,15.2,76%,93,63,68%,866,13.7,36,7,2,34,17,19,0,0
2020,ATL,15,281.5,18.8,73%,143,90,63%,1374,15.3,63,9,5,1,0.2,8,0,1
2021,ATL,5,71.1,14.2,63%,52,31,60%,281,9.1,22,2,0,0,0,0,0,0
2014,JAX,10,116.8,11.7,78%,81,48,59%,548,11.4,54,2,0,0,0,0,0,0
2015,JAX,16,304,19,93%,151,80,53%,1400,17.5,90,14,0,0,0,0,0,0
2016,JAX,16,199.3,12.5,94%,151,73,48%,883,12.1,42,6,0,0,0,0,0,1
2017,JAX,1,2.7,2.7,0%,1,1,100%,17,17,17,0,0,0,0,0,0,0
2018,CHI,13,153.3,11.8,71%,94,55,59%,754,13.7,43,4,1,9,9,9,0,1
2019,CHI,16,254.9,15.9,94%,154,98,64%,1147,11.7,49,7,1,2,2,2,0,0
2020,CHI,16,262.9,16.4,85%,151,102,68%,1250,12.3,42,6,1,-1,-1,0,0,0
2021,CHI,12,87,7.3,55%,66,38,58%,410,10.8,39,1,0,0,0,0,0,0
2022,LAR,10,84.9,8.5,83%,52,33,63%,339,10.3,29,3,0,0,0,0,0,0
2016,KC,16,0,0,1%,0,0,0%,0,0,0,0,0,0,0,0,0,0
2017,KC,16,42.2,2.6,57%,39,21,54%,212,10.1,33,0,0,0,0,0,0,0
2018,KC,16,74.8,4.7,40%,33,22,67%,288,13.1,89,4,0,0,0,0,0,0
2019,KC,16,100.9,6.3,70%,55,32,58%,449,14,44,4,0,0,0,0,0,0
2020,KC,16,107.6,6.7,65%,59,45,76%,466,10.4,28,3,0,0,0,0,0,2
2021,KC,17,69.4,4.1,58%,41,25,61%,264,10.6,33,3,0,0,0,0,0,0
2022,BAL,17,103.8,6.1,58%,75,48,64%,458,9.5,31,2,0,0,0,0,0,2
2022,NYG,6,51.6,8.6,34%,31,23,74%,227,9.9,19,1,2,-1,-0.5,4,0,0
2021,GB,16,9.6,0.6,9%,8,4,50%,45,11.2,19,0,1,11,11,11,0,2
2022,HOU,16,39.1,2.4,23%,25,16,64%,204,12.8,37,1,2,7,3.5,4,0,6
2017,CAR,9,32.9,3.7,30%,26,15,58%,115,7.7,23,0,4,64,16,31,0,0
2018,CAR,13,136.8,10.5,50%,65,39,60%,494,12.7,53,5,8,84,10.5,33,2,1
2019,CAR,16,171.7,10.7,86%,106,54,51%,627,11.6,44,6,19,130,6.8,16,1,0
2020,CAR,15,212.1,14.1,64%,97,77,79%,851,11.1,44,3,41,200,4.9,45,2,1
2021,WAS,5,9.8,2,9%,9,6,67%,27,4.5,10,0,4,11,2.8,8,0,0
2022,WAS,17,176.3,10.4,71%,92,64,70%,656,10.2,49,4,38,187,4.9,21,1,1
2019,SF,15,189.1,12.6,67%,81,57,70%,802,14.1,42,3,14,159,11.4,31,3,2
2020,SF,7,80.7,11.5,34%,44,33,75%,391,11.8,35,1,8,26,3.2,10,0,0
2021,SF,16,339,21.2,76%,121,77,64%,1405,18.2,83,6,59,365,6.2,49,8,4
2022,SF,13,168.4,13,60%,94,56,60%,632,11.3,57,2,42,232,5.5,51,3,3
2022,MIA,3,1.7,0.6,14%,3,2,67%,17,8.5,13,0,0,0,NaN,0,0,1
2021,CAR,1,3.1,3.1,21%,2,2,100%,11,5.5,8,0,0,0,NaN,0,0,0
2021,CLE,14,33.4,2.4,27%,23,10,43%,135,13.5,44,1,6,39,6.5,17,0,0
2022,CLE,11,18.8,1.7,13%,10,4,40%,51,12.8,19,0,4,57,14.2,31,1,1
2022,NO,12,100.5,8.4,42%,34,28,82%,488,17.4,68,2,4,57,14.3,44,1,1
2022,BUF,14,34.1,2.4,25%,20,10,50%,161,16.1,31,1,0,0,NaN,0,0,0
2020,JAX,14,157.1,11.2,56%,79,58,73%,600,10.3,36,5,18,91,5.1,17,0,0
2021,JAX,16,127,7.9,64%,99,63,64%,619,9.8,58,0,11,41,3.7,11,0,1
2022,CAR,13,72.7,5.6,20%,32,27,84%,272,10.1,67,1,9,65,7.2,41,1,0
2016,NYG,16,184.4,11.5,95%,105,65,62%,683,10.5,32,8,3,31,10.3,22,0,0
2017,NYG,11,144.5,13.1,63%,84,59,70%,731,12.4,77,2,4,4,1,12,0,1
2018,NYG,16,182.5,11.4,91%,107,66,62%,872,13.2,58,4,3,33,11,27,0,1
2019,NYG,10,141.8,14.2,56%,83,57,69%,576,10.1,36,3,6,72,12,23,0,0
2020,NYG,12,162.5,13.5,72%,90,66,73%,656,9.9,29,3,6,49,8.2,23,1,0
2021,NYG,7,77.7,11.1,38%,53,36,68%,366,10.2,37,1,1,-9,-9,0,0,0
2022,NYG,3,34.4,11.5,80%,24,13,54%,154,11.8,65,1,0,0,0,0,0,0
2019,GB,6,-0.9,0,10%,2,1,50%,1,1,1,0,0,0,0,0,0,1
2020,GB,8,7.6,0.9,24%,8,5,63%,46,9.2,19,0,0,0,0,0,0,1
2018,ARI,13,46,3.5,41%,28,19,68%,210,11.1,21,1,0,0,0,0,0,0
2019,ARI,16,12,0.8,24%,13,4,31%,80,20,38,0,0,0,0,0,0,0
2020,ARI,15,10,0.7,7%,7,5,71%,50,10,26,0,0,0,0,0,0,0
2021,SF,17,23.7,1.4,24%,20,9,45%,87,9.7,18,1,0,0,0,0,0,0
2022,MIA,17,83.7,4.9,58%,51,30,59%,417,13.9,75,2,0,0,0,0,0,0
2019,NYG,0,-,0,-,-,-,-,-,-,-,-,-,-,-,-,-,-
2020,NYG,0,-,0,-,-,-,-,-,-,-,-,-,-,-,-,-,-
2021,NYG,4,3.7,0.9,37%,6,2,33%,17,8.5,12,0,0,0,0,0,0,0
2022,NYG,9,21.6,2.4,27%,17,11,65%,106,9.6,24,0,0,0,0,0,0,0
2018,WAS,1,0,0,0%,0,0,0%,0,0,0,0,0,0,0,0,0,0
2019,WAS,7,4.7,0.7,9%,3,2,67%,27,13.5,15,0,0,0,0,0,0,0
2020,WAS,16,86.2,5.4,59%,49,32,65%,477,14.9,50,1,1,5,5,5,0,0
2021,WAS,14,48.8,3.5,25%,23,15,65%,211,14.1,43,2,1,7,7,7,0,0
2022,WAS,17,16.9,1,28%,18,8,44%,89,11.1,21,0,0,0,0,0,0,0
2019,WAS,16,103.5,6.5,32%,56,34,61%,310,9.1,65,4,9,85,9.4,65,1,1
2020,WAS,12,57.3,4.8,42%,37,27,73%,265,9.8,30,1,1,18,18,18,0,5
2021,PIT,1,0,0,2%,0,0,0%,0,0,0,0,0,0,0,0,0,0
2022,PIT,12,31.4,2.6,24%,23,14,61%,104,7.4,28,0,13,70,5.4,22,0,3
2021,LAR,14,24.3,1.7,16%,20,11,55%,133,12.1,35,0,0,0,0,0,0,0
2022,LAR,14,84.3,6,68%,61,39,64%,376,9.6,32,0,1,17,17,17,1,0
2009,NE,14,0.6,0,-,0,0,0%,0,0,0,0,1,6,6,6,0,0
2010,NE,15,0,0,-,1,0,0%,0,0,0,0,0,0,0,0,0,0
2011,NE,16,3.6,0.2,-,3,1,33%,46,46,46,0,0,0,0,0,0,1
2012,NE,16,0,0,3%,0,0,0%,0,0,0,0,0,0,0,0,0,0
2013,NE,12,0,0,2%,0,0,0%,0,0,0,0,0,0,0,0,0,0
2014,NE,16,0,0,1%,0,0,0%,0,0,0,0,0,0,0,0,0,0
2015,NE,16,0,0,2%,1,0,0%,0,0,0,0,0,0,0,0,0,0
2016,NE,13,-1.5,0,5%,1,0,0%,0,0,0,0,1,5,5,5,0,2
2017,NE,9,0,0,3%,0,0,0%,0,0,0,0,0,0,0,0,0,0
2018,NE,16,0,0,2%,0,0,0%,0,0,0,0,0,0,0,0,0,0
2019,NE,16,0,0,2%,0,0,0%,0,0,0,0,0,0,0,0,0,0
2020,NE,16,0,0,0%,0,0,0%,0,0,0,0,0,0,0,0,0,0
2021,NE,17,0,0,1%,0,0,0%,0,0,0,0,0,0,0,0,0,0
2022,NE,17,0,0,1%,0,0,0%,0,0,0,0,0,0,0,0,0,0
2019,NYG,14,170,12.1,66%,83,48,58%,740,15.4,55,8,0,0,0,0,0,0
2020,NYG,16,141,8.8,87%,97,50,52%,751,15,41,3,2,-1,-0.5,2,0,1
2021,NYG,13,68.6,5.3,49%,58,26,45%,339,13,42,2,1,-13,-13,0,0,1
2022,NYG,16,128.4,8,61%,71,46,65%,724,15.7,55,2,0,0,0,0,0,2
2021,PHI,17,185.6,10.9,82%,104,64,62%,916,14.3,46,5,0,0,0,0,0,1
2022,PHI,17,254.6,15,92%,136,95,70%,1196,12.6,45,7,0,0,0,0,0,1
2021,CAR,6,16.1,2.7,7%,11,6,55%,104,17.3,63,0,1,-3,-3,0,0,0
2022,CAR,17,61.6,3.6,47%,41,22,54%,296,13.5,38,2,0,0,0,0,0,4
2018,NO,15,100.7,6.7,54%,44,28,64%,427,15.2,62,5,0,0,0,0,0,0
2019,NO,11,71.4,6.5,43%,25,18,72%,234,13,32,5,0,0,0,0,0,0
2020,NO,14,103.1,7.4,72%,50,34,68%,448,13.2,31,4,1,3,3,3,0,1
2021,NO,11,87.7,8,65%,50,32,64%,377,11.8,34,3,0,0,0,0,0,1
2022,NO,15,52.8,3.5,38%,27,19,70%,278,14.6,48,1,0,0,0,0,0,0
2018,HOU,7,20.1,2.9,22%,10,5,50%,91,18.2,35,1,0,0,0,0,0,0
2019,NYJ,13,48.7,3.7,38%,31,17,55%,225,13.2,37,0,3,52,17.3,20,1,1
2020,NYJ,7,2.3,0.3,8%,3,1,33%,13,13,13,0,0,0,0,0,0,0
2021,NYJ,2,0,0,15%,1,0,0%,0,0,0,0,0,0,0,0,0,0
2021,MIN,8,28.6,3.6,8%,6,5,83%,116,23.2,44,2,0,0,0,0,0,0
2022,KC,8,0.4,0.1,15%,4,1,25%,15,15,15,0,1,-1,-1,0,0,1
2017,PIT,14,191.7,13.7,69%,79,58,73%,917,15.8,97,7,0,0,0,0,0,0
2018,PIT,16,296.9,18.6,86%,166,111,67%,1426,12.8,97,7,1,13,13,13,0,1
2019,PIT,12,113.2,9.4,57%,71,42,59%,552,13.1,76,3,0,0,0,0,0,1
2020,PIT,16,234.1,14.6,84%,128,97,76%,831,8.6,31,9,0,0,0,0,0,3
2021,PIT,5,34.8,7,69%,28,15,54%,129,8.6,24,0,3,9,3,3,1,0
2022,KC,16,185.3,11.6,67%,101,78,77%,933,12,53,3,0,0,0,0,0,3
2015,NO,15,183.4,12.2,67%,101,69,68%,984,14.3,63,3,0,0,0,0,0,2
2016,NO,15,191.5,12.8,64%,104,72,69%,895,12.4,49,4,0,0,0,0,0,2
2017,NO,11,15.2,1.4,25%,16,8,50%,92,11.5,26,0,0,0,0,0,0,1
2018,BAL,16,134.4,8.4,69%,95,62,65%,651,10.5,28,1,1,13,13,13,0,0
2019,BAL,16,95.1,5.9,61%,45,31,69%,339,10.9,50,5,2,2,1,2,0,0
2020,BAL,13,94.2,7.2,52%,48,33,69%,432,13.1,34,3,0,0,0,0,0,1
2021,CAR,9,7.8,0.9,9%,8,4,50%,38,9.5,15,0,0,0,0,0,0,0
2022,SF,4,0,0,11%,0,0,0%,0,0,0,0,0,0,0,0,0,0
2021,DET,17,227.3,13.4,74%,119,90,76%,912,10.1,37,5,7,61,8.7,26,1,0
2022,DET,16,267.6,16.7,73%,146,106,73%,1161,11,49,6,9,95,10.6,58,0,0
2018,GB,12,54.3,4.5,39%,36,21,58%,328,15.6,54,0,1,5,5,5,0,0
2020,GB,9,25.4,2.8,17%,13,7,54%,117,16.7,24,1,1,7,7,7,0,0
2021,GB,13,20.2,1.6,29%,17,9,53%,98,10.9,26,0,3,14,4.7,13,0,0
2022,CHI,16,64.7,4,54%,38,21,55%,323,15.4,56,1,6,54,9,41,0,1
2021,BUF,5,0,0,1%,0,0,0%,0,NaN,0,0,0,0,NaN,0,0,2
2021,IND,5,4.6,0.9,6%,3,2,67%,26,13,16,0,0,0,0,0,0,0
2022,IND,13,8.9,0.7,11%,9,3,33%,59,19.7,23,0,0,0,0,0,0,0
2018,DEN,16,136.3,8.5,76%,84,42,50%,704,16.8,42,4,1,-1,-1,0,0,0
2019,DEN,16,222.4,13.9,92%,125,72,58%,1112,15.4,70,6,3,17,5.7,9,0,2
2020,DEN,1,9.6,9.6,23%,6,3,50%,66,22,45,0,0,0,0,0,0,0
2021,DEN,17,150.2,8.8,85%,98,58,59%,776,13.4,55,2,0,0,0,0,0,0
2022,DEN,15,159.4,10.6,78%,109,64,59%,829,13,51,2,1,5,5,5,0,0
2020,SEA,16,40.9,2.6,33%,21,13,62%,159,12.2,23,2,0,0,0,0,0,0
2021,SEA,17,86.5,5.1,60%,40,25,63%,343,13.7,68,4,5,32,6.4,11,0,1
2022,DEN,4,11.4,2.9,36%,6,4,67%,74,18.5,52,0,0,0,0,0,0,1
2020,GB,15,18.5,1.2,16%,6,5,83%,66,13.2,26,1,1,9,9,9,0,0
2021,GB,10,1.4,0.1,4%,3,2,67%,14,7,7,0,0,0,0,0,0,1
2017,SF,15,96,6.4,45%,60,43,72%,430,10,33,2,0,0,0,0,0,1
2018,SF,14,55.5,4,32%,41,26,63%,215,8.3,23,1,0,0,0,0,0,1
2019,SF,0,-,0,-,-,-,-,-,-,-,-,-,-,-,-,-,-
2020,SF,12,18.6,1.6,18%,21,10,48%,86,8.6,29,0,0,0,0,0,0,0
2021,CIN,4,6.1,1.5,13%,3,2,67%,41,20.5,26,0,0,0,0,0,0,0
2022,CIN,16,11.7,0.7,13%,10,6,60%,62,10.3,34,0,4,15,3.8,9,0,2
2014,MIN,16,27.7,1.7,15%,14,8,57%,137,17.1,44,1,0,0,0,0,0,0
2015,MIN,16,35.3,2.2,21%,18,12,67%,144,12,30,0,4,89,22.2,41,0,0
2016,MIN,16,195.2,12.2,75%,92,69,75%,967,14,71,5,2,15,7.5,11,0,2
2017,MIN,16,239.7,15,92%,143,91,64%,1276,14,65,4,1,11,11,11,0,3
2018,MIN,16,307.3,19.2,96%,155,113,73%,1373,12.2,68,9,5,30,6,15,0,1
2019,MIN,10,114.4,11.4,43%,48,30,63%,418,13.9,44,6,4,6,1.5,3,1,0
2020,MIN,15,254,16.9,86%,108,74,69%,925,12.5,51,14,3,15,5,8,0,0
2021,MIN,13,199.8,15.4,73%,95,67,71%,726,10.8,35,10,1,2,2,2,0,1
2022,MIN,17,180,10.6,89%,107,70,65%,716,10.2,36,6,1,4,4,4,0,0
2016,NO,15,255.7,17,75%,121,92,76%,1137,12.4,46,9,0,0,0,0,0,2
2017,NO,16,258.5,16.2,82%,149,104,70%,1245,12,43,5,0,0,0,0,0,0
2018,NO,16,315.5,19.7,88%,147,125,85%,1405,11.2,72,9,0,0,0,0,0,2
2019,NO,16,374.6,23.4,89%,185,149,81%,1725,11.6,49,9,1,-9,-9,0,0,1
2020,NO,7,83.9,12,39%,55,40,73%,438,11,24,0,1,1,1,1,0,0
2022,NO,3,51.1,17,25%,22,16,73%,171,10.7,21,3,0,0,0,0,0,0
2022,TB,5,10.8,2.2,16%,10,5,50%,32,6.4,13,0,2,26,13,17,0,1
2021,SEA,5,0,0,1%,0,0,0%,0,NaN,0,0,0,0,NaN,0,0,0
2022,NE,13,66.3,5.1,66%,45,22,49%,247,11.2,29,2,3,16,5.3,19,1,0
2022,DAL,8,3.2,0.4,8%,3,2,67%,12,6,8,0,0,0,NaN,0,0,0
2021,NYG,10,82.4,8.2,27%,57,39,68%,420,10.8,38,0,3,6,2,7,0,0
2022,KC,9,57.3,6.4,13%,20,16,80%,171,10.7,38,2,7,82,11.7,32,1,1
2022,GB,11,19.2,1.7,10%,10,5,50%,82,16.4,37,1,0,0,NaN,0,0,1
2021,ATL,2,0,0,0%,0,0,0%,0,0,0,0,0,0,0,0,0,0
2022,LAR,6,3.3,0.5,16%,4,2,50%,13,6.5,8,0,0,0,0,0,0,0
2016,MIN,9,2.5,0.3,8%,3,1,33%,15,15,15,0,0,0,0,0,0,0
2017,MIN,16,40,2.5,45%,35,20,57%,200,10,25,0,0,0,0,0,0,1
2018,MIN,15,71.2,4.7,52%,53,35,66%,302,8.6,22,1,0,0,0,0,0,0
2019,MIN,13,33.4,2.6,21%,16,9,56%,184,20.4,58,1,0,0,0,0,0,0
2020,ATL,5,22.9,4.6,13%,7,6,86%,49,8.2,14,2,0,0,0,0,0,0
2021,JAX,12,82.4,6.9,66%,51,33,65%,434,13.2,41,1,0,0,0,0,0,0
2022,SEA,6,10.2,1.7,34%,10,6,60%,42,7,17,0,0,0,0,0,0,0
2022,LV,9,2.6,0.3,4%,1,0,0%,0,NaN,0,0,4,26,6.5,18,0,1
2018,SEA,6,4,0.7,8%,3,2,67%,20,10,19,0,0,0,0,0,0,0
2019,SEA,14,45.5,3.3,22%,22,15,68%,245,16.3,33,1,0,0,0,0,0,0
2020,DAL,6,0,0,0%,0,0,0%,0,0,0,0,0,0,0,0,0,0
2021,DAL,14,44.9,3.2,13%,16,12,75%,149,12.4,61,3,0,0,0,0,0,0
2022,SF,3,0,0,1%,0,0,0%,0,0,0,0,0,0,0,0,0,0
2022,DAL,17,-0.4,0,5%,2,1,50%,9,9,9,0,3,17,5.7,11,0,3
2018,GB,16,111,6.9,64%,72,38,53%,581,15.3,60,2,2,29,14.5,21,0,0
2019,GB,16,84.1,5.3,51%,56,26,46%,452,17.4,74,2,2,9,4.5,9,0,0
2020,GB,16,137.3,8.6,76%,63,33,52%,690,20.9,78,6,4,13,3.2,9,0,1
2021,GB,11,87,7.9,57%,55,26,47%,430,16.5,75,3,0,0,0,0,0,0
2022,KC,17,122.4,7.2,68%,81,42,52%,687,16.4,57,2,1,-3,-3,0,0,0
2022,DEN,9,13.5,1.5,7%,5,2,40%,75,37.5,66,1,0,0,NaN,0,0,1
2021,MIA,16,245.8,15.4,78%,141,104,74%,1015,9.8,57,6,2,3,1.5,2,1,2
2022,MIA,17,259.2,15.2,74%,117,75,64%,1356,18.1,84,8,3,26,8.7,9,0,1
2021,BAL,17,4.3,0.3,7%,6,2,33%,23,11.5,18,0,0,0,0,0,0,0
2022,BAL,9,7.3,0.8,10%,7,4,57%,33,8.2,12,0,0,0,0,0,0,0
2019,PHI,6,59.9,10,59%,40,28,70%,254,9.1,38,1,1,5,5,5,0,0
2020,PHI,16,133.1,8.3,70%,79,53,67%,419,7.9,32,6,2,-4,-2,2,0,2
2021,PHI,17,34.6,2,22%,11,7,64%,95,13.6,27,3,0,0,0,0,0,0
2018,PIT,14,43.7,3.1,47%,38,16,42%,217,13.6,47,1,0,0,0,0,0,0
2019,PIT,15,133.5,8.9,64%,80,44,55%,735,16.7,79,3,0,0,0,0,0,1
2020,PIT,16,99.2,6.2,44%,56,30,54%,392,13.1,50,5,0,0,0,0,0,0
2021,PIT,15,65.8,4.4,41%,44,24,55%,285,11.9,42,2,2,13,6.5,12,0,0
2022,DAL,2,0,0,5%,1,0,0%,0,0,0,0,0,0,0,0,0,0
2022,DEN,15,5.2,0.3,7%,9,4,44%,2,0.5,4,0,5,30,6,19,0,5
2020,PHI,6,23.6,3.9,13%,13,7,54%,106,15.1,43,1,0,0,0,0,0,0
2021,PHI,17,116,6.8,69%,62,43,69%,647,15,91,1,1,3,3,3,0,0
2022,PHI,17,84.5,5,58%,50,33,66%,354,10.7,53,3,3,1,0.3,4,0,1
2022,GB,14,164.1,11.7,46%,66,41,62%,611,14.9,63,7,7,80,11.4,46,2,0
2018,TB,12,1.5,0.1,8%,3,1,33%,5,5,5,0,0,0,0,0,0,0
2019,TB,16,42.9,2.7,20%,26,15,58%,159,10.6,17,2,0,0,0,0,0,0
2020,TB,11,16.4,1.5,15%,11,7,64%,94,13.4,36,0,0,0,0,0,0,0
2021,TB,1,0,0,0%,0,0,0%,0,0,0,0,0,0,0,0,0,0
2022,KC,17,58.5,3.4,43%,34,15,44%,315,21,67,2,0,0,0,0,0,0
2022,NE,12,0,0,0%,0,0,0%,0,NaN,0,0,0,0,NaN,0,0,0
2019,LAR,4,0,0,0%,0,0,0%,0,0,0,0,0,0,0,0,0,1
2020,LAR,16,-2,0,1%,0,0,0%,0,0,0,0,0,0,0,0,0,3
2021,CHI,6,0,0,0%,0,0,0%,0,0,0,0,0,0,0,0,0,1
2022,CHI,2,3.4,1.7,8%,3,2,67%,14,7,8,0,0,0,0,0,0,1
2020,TEN,13,8.3,0.6,15%,8,3,38%,33,11,19,0,0,0,0,0,0,0
2021,TEN,16,107.6,6.7,56%,57,38,67%,476,12.5,46,4,0,0,0,0,0,1
2022,TEN,17,82.7,4.9,75%,50,25,50%,397,15.9,63,3,0,0,0,0,0,0
2021,PIT,15,8.3,0.6,7%,6,5,83%,33,6.6,11,0,0,0,0,0,0,0
2022,PIT,1,1.2,1.2,14%,1,1,100%,2,2,2,0,0,0,0,0,0,0
2020,NE,1,0,0,0%,0,0,0%,0,0,0,0,0,0,0,0,0,0
2021,NE,3,20.2,6.7,34%,8,4,50%,42,10.5,20,2,0,0,0,0,0,0
2022,DET,6,15.1,2.5,19%,9,1,11%,41,41,41,1,1,40,40,40,0,0
2017,LAC,10,20.5,2,22%,23,11,48%,95,8.6,20,0,0,0,0,0,0,0
2018,LAC,16,180.2,11.3,62%,66,43,65%,664,15.4,55,10,7,28,4,19,1,0
2019,LAC,15,161.3,10.8,79%,90,49,54%,1001,20.4,56,2,1,2,2,2,0,0
2020,LAC,15,153.7,10.2,68%,85,48,56%,756,15.8,64,5,1,1,1,1,0,0
2021,LAC,16,246.6,15.4,75%,129,76,59%,1146,15.1,72,9,0,0,0,0,0,0
2022,LAC,13,176.5,13.6,59%,93,63,68%,895,14.2,55,4,0,0,0,0,0,0
2013,WAS,5,6.5,1.3,11%,11,3,27%,15,5,6,0,0,0,0,0,0,1
2015,ATL,14,44.9,3.2,18%,25,17,68%,159,9.4,29,2,0,0,0,0,0,0
2016,ATL,2,10.9,5.5,5%,7,5,71%,59,11.8,19,0,0,0,0,0,0,0
2017,ATL,1,6,6,3%,4,3,75%,30,10,14,0,0,0,0,0,0,0
2018,LAR,4,3.7,0.9,8%,4,2,50%,17,8.5,11,0,0,0,0,0,0,0
2019,SF,0,-,0,-,-,-,-,-,-,-,-,-,-,-,-,-,-
2021,DEN,2,4.4,2.2,26%,1,1,100%,34,34,34,0,0,0,NaN,0,0,0
2019,DAL,6,9.6,1.6,7%,8,5,63%,46,9.2,14,0,0,0,0,0,0,0
2020,DAL,16,51.6,3.2,20%,28,17,61%,189,11.1,42,2,3,-12,-4,0,0,0
2021,DAL,16,147.8,9.2,43%,61,45,74%,602,13.4,73,6,2,11,5.5,6,0,3
2022,MIA,15,26.4,1.8,22%,18,12,67%,136,11.3,21,0,1,8,8,8,0,0
2022,NYJ,17,215.7,12.7,79%,147,83,56%,1103,13.3,60,4,4,4,1,7,0,2
2018,CHI,4,7.2,1.8,4%,5,4,80%,32,8,16,0,0,0,0,0,0,0
2019,CHI,16,42.6,2.7,45%,39,18,46%,186,10.3,37,1,0,0,0,0,0,0
2020,CHI,13,17,1.3,31%,12,6,50%,48,8,13,1,1,2,2,2,0,0
2022,ARI,1,0,0,7%,0,0,0%,0,0,0,0,0,0,0,0,0,0
2019,DEN,3,0,0,1%,0,0,0%,0,0,0,0,0,0,0,0,0,0
2020,GB,2,0,0,6%,0,0,0%,0,0,0,0,0,0,0,0,0,0
2021,GB,7,11.8,1.7,31%,13,8,62%,58,7.2,12,0,0,0,0,0,0,2
2022,GB,3,2.7,0.9,18%,4,1,25%,17,17,17,0,0,0,0,0,0,0
2021,NO,3,1.5,0.5,8%,1,1,100%,5,5,5,0,0,0,NaN,0,0,0
2022,CLE,11,9,0.8,13%,10,5,50%,45,9,15,0,1,-5,-5,0,0,0
2013,BUF,14,120.3,8.6,78%,85,40,47%,587,14.7,57,3,2,16,8,13,0,0
2014,BUF,16,164.9,10.3,85%,104,65,63%,699,10.8,37,5,0,0,0,0,0,1
2015,BUF,14,118.2,8.4,83%,80,47,59%,552,11.7,37,3,1,0,0,0,0,2
2016,BUF,13,118.9,9.1,59%,76,51,67%,613,12,34,1,1,6,6,6,0,0
2017,LAR,12,163.3,13.6,63%,85,56,66%,781,13.9,94,5,2,12,6,8,0,1
2018,LAR,16,265.6,16.6,95%,130,86,66%,1219,14.2,39,6,19,157,8.3,56,1,0
2019,LAR,15,232.9,15.5,89%,139,90,65%,1134,12.6,48,2,17,115,6.8,20,1,0
2020,LAR,16,245.1,15.3,89%,129,90,70%,936,10.4,56,6,24,155,6.5,40,2,2
2021,LAR,9,137.2,15.2,85%,69,45,65%,556,12.4,28,4,8,46,5.8,16,1,0
2022,TEN,17,115.7,6.8,78%,91,53,58%,527,9.9,41,2,0,0,0,0,0,1
2022,CAR,0,-,0,-,-,-,-,-,-,-,-,-,-,-,-,-,-
2022,SEA,13,4.4,0.3,10%,2,2,100%,24,12,12,0,0,0,NaN,0,0,0
2019,ATL,10,20.5,2,7%,5,3,60%,115,38.3,93,1,0,0,0,0,0,0
2020,ATL,11,53.4,4.9,39%,32,20,63%,274,13.7,51,1,1,0,0,0,0,0
2021,ATL,17,89.8,5.3,58%,53,31,58%,406,13.1,49,3,1,2,2,2,0,0
2022,ATL,17,110,6.5,70%,61,40,66%,533,13.3,45,3,2,7,3.5,13,0,1